,close,open,high,low,volume,pct_change
2010-01-02,9.39,11.62,11.62,9.39,194447,0.1919104991394147
2010-01-03,9.47,9.39,9.47,9.39,166905,0.008519701810436642
2010-01-04,8.93,9.47,9.47,8.93,156091,0.0570221752903908
2010-01-05,10.87,8.93,10.87,8.93,176409,0.2172452407614781
2010-01-06,7.7,10.87,10.87,7.7,178237,0.2916283348666053
2010-01-07,11.74,7.7,11.74,7.7,119708,0.5246753246753246
2010-01-08,9.24,11.74,11.74,9.24,119901,0.21294718909710392
2010-01-09,10.32,9.24,10.32,9.24,158512,0.1168831168831169
2010-01-10,9.75,10.32,10.32,9.75,155887,0.05523255813953491
2010-01-11,11.46,9.75,11.46,9.75,176746,0.17538461538461547
2010-01-12,7.94,11.46,11.46,7.94,197408,0.30715532286212915
2010-01-13,9.68,7.94,9.68,7.94,158321,0.21914357682619637
2010-01-14,9.62,9.68,9.68,9.62,123232,0.006198347107438068
2010-01-15,11.13,9.62,11.13,9.62,182214,0.15696465696465714
2010-01-16,8.9,11.13,11.13,8.9,109338,0.20035938903863434
2010-01-17,9.83,8.9,9.83,8.9,173723,0.10449438202247187
2010-01-18,9.12,9.83,9.83,9.12,182197,0.07222787385554434
2010-01-19,10.04,9.12,10.04,9.12,151226,0.10087719298245613
2010-01-20,10.58,10.04,10.58,10.04,164010,0.05378486055776902
2010-01-21,8.9,10.58,10.58,8.9,164325,0.1587901701323251
2010-01-22,11.14,8.9,11.14,8.9,164036,0.251685393258427
2010-01-23,10.9,11.14,11.14,10.9,125737,0.021543985637342927
2010-01-24,10.5,10.9,10.9,10.5,176160,0.03669724770642205
2010-01-25,10.9,10.5,10.9,10.5,177543,0.038095238095238126
2010-01-26,9.32,10.9,10.9,9.32,155351,0.14495412844036698
2010-01-27,9.88,9.32,9.88,9.32,129163,0.06008583690987129
2010-01-28,9.06,9.88,9.88,9.06,175373,0.08299595141700407
2010-01-29,9.73,9.06,9.73,9.06,136421,0.07395143487858719
2010-01-30,10.53,9.73,10.53,9.73,199594,0.08221993833504614
2010-01-31,9.31,10.53,10.53,9.31,140692,0.11585944919278242
2010-02-01,9.6,9.31,9.6,9.31,188323,0.031149301825993462
2010-02-02,9.31,9.6,9.6,9.31,118893,0.030208333333333247
2010-02-03,9.15,9.31,9.31,9.15,118469,0.017185821697099906
2010-02-04,9.33,9.15,9.33,9.15,117040,0.01967213114754095
2010-02-05,9.99,9.33,9.99,9.33,133049,0.07073954983922831
2010-02-06,8.88,9.99,9.99,8.88,139803,0.11111111111111105
2010-02-07,10.23,8.88,10.23,8.88,107982,0.15202702702702697
2010-02-08,11.66,10.23,11.66,10.23,102439,0.1397849462365591
2010-02-09,10.74,11.66,11.66,10.74,123979,0.07890222984562606
2010-02-10,9.81,10.74,10.74,9.81,163104,0.0865921787709497
2010-02-11,9.11,9.81,9.81,9.11,102446,0.07135575942915404
2010-02-12,9.25,9.11,9.25,9.11,174295,0.015367727771679536
2010-02-13,11.69,9.25,11.69,9.25,191316,0.26378378378378375
2010-02-14,10.05,11.69,11.69,10.05,148846,0.14029084687767313
2010-02-15,9.36,10.05,10.05,9.36,107393,0.06865671641791057
2010-02-16,10.19,9.36,10.19,9.36,127886,0.0886752136752137
2010-02-17,12.1,10.19,12.1,10.19,129493,0.18743866535819434
2010-02-18,10.12,12.1,12.1,10.12,106076,0.16363636363636366
2010-02-19,10.62,10.12,10.62,10.12,153500,0.049407114624505935
2010-02-20,10.3,10.62,10.62,10.3,149152,0.030131826741996097
2010-02-21,9.65,10.3,10.3,9.65,101166,0.06310679611650488
2010-02-22,8.86,9.65,9.65,8.86,127902,0.08186528497409336
2010-02-23,9.65,8.86,9.65,8.86,168412,0.08916478555304752
2010-02-24,9.79,9.65,9.79,9.65,165346,0.014507772020725262
2010-02-25,10.59,9.79,10.59,9.79,193283,0.08171603677221663
2010-02-26,10.84,10.59,10.84,10.59,123903,0.023607176581680833
2010-02-27,10.93,10.84,10.93,10.84,165831,0.008302583025830245
2010-02-28,10.29,10.93,10.93,10.29,184551,0.05855443732845385
2010-03-01,10.89,10.29,10.89,10.29,155047,0.05830903790087478
2010-03-02,9.25,10.89,10.89,9.25,128304,0.15059687786960518
2010-03-03,11.25,9.25,11.25,9.25,178786,0.21621621621621623
2010-03-04,10.51,11.25,11.25,10.51,152293,0.0657777777777778
2010-03-05,9.7,10.51,10.51,9.7,124550,0.07706945765937208
2010-03-06,10.49,9.7,10.49,9.7,129362,0.08144329896907226
2010-03-07,9.92,10.49,10.49,9.92,125146,0.05433746425166828
2010-03-08,11.13,9.92,11.13,9.92,124179,0.12197580645161299
2010-03-09,11.52,11.13,11.52,11.13,136303,0.03504043126684625
2010-03-10,12.19,11.52,12.19,11.52,144904,0.05815972222222222
2010-03-11,8.6,12.19,12.19,8.6,168685,0.2945036915504512
2010-03-12,8.56,8.6,8.6,8.56,106373,0.0046511627906975755
2010-03-13,9.5,8.56,9.5,8.56,164079,0.10981308411214946
2010-03-14,10.16,9.5,10.16,9.5,163711,0.06947368421052633
2010-03-15,10.88,10.16,10.88,10.16,185102,0.07086614173228353
2010-03-16,10.32,10.88,10.88,10.32,173201,0.05147058823529416
2010-03-17,7.98,10.32,10.32,7.98,171074,0.22674418604651161
2010-03-18,9.69,7.98,9.69,7.98,183718,0.21428571428571416
2010-03-19,10.83,9.69,10.83,9.69,120165,0.11764705882352948
2010-03-20,10.23,10.83,10.83,10.23,105370,0.05540166204986146
2010-03-21,10.76,10.23,10.76,10.23,106357,0.05180840664711626
2010-03-22,9.78,10.76,10.76,9.78,102923,0.09107806691449818
2010-03-23,9.8,9.78,9.8,9.78,164172,0.002044989775051263
2010-03-24,10.19,9.8,10.19,9.8,126952,0.03979591836734681
2010-03-25,10.41,10.19,10.41,10.19,177708,0.021589793915603596
2010-03-26,10.2,10.41,10.41,10.2,164366,0.02017291066282429
2010-03-27,10.12,10.2,10.2,10.12,127986,0.007843137254901968
2010-03-28,9.33,10.12,10.12,9.33,189020,0.07806324110671929
2010-03-29,10.38,9.33,10.38,9.33,171506,0.11254019292604509
2010-03-30,10.12,10.38,10.38,10.12,142569,0.025048169556840225
2010-03-31,11.13,10.12,11.13,10.12,101838,0.09980237154150214
2010-04-01,11.2,11.13,11.2,11.13,120438,0.006289308176100495
2010-04-02,10.19,11.2,11.2,10.19,141172,0.09017857142857141
2010-04-03,9.62,10.19,10.19,9.62,188929,0.055937193326791
2010-04-04,9.36,9.62,9.62,9.36,133399,0.027027027027027008
2010-04-05,10.42,9.36,10.42,9.36,199416,0.1132478632478633
2010-04-06,10.08,10.42,10.42,10.08,153193,0.032629558541266784
2010-04-07,9.66,10.08,10.08,9.66,177516,0.04166666666666666
2010-04-08,10.04,9.66,10.04,9.66,118681,0.03933747412008271
2010-04-09,9.38,10.04,10.04,9.38,113613,0.06573705179282853
2010-04-10,10.7,9.38,10.7,9.38,192836,0.14072494669509578
2010-04-11,9.55,10.7,10.7,9.55,121374,0.10747663551401856
2010-04-12,11.22,9.55,11.22,9.55,169591,0.17486910994764396
2010-04-13,10.4,11.22,11.22,10.4,161863,0.07308377896613193
2010-04-14,10.59,10.4,10.59,10.4,141253,0.01826923076923072
2010-04-15,8.91,10.59,10.59,8.91,140326,0.15864022662889515
2010-04-16,10.17,8.91,10.17,8.91,128715,0.14141414141414138
2010-04-17,10.74,10.17,10.74,10.17,108890,0.05604719764011802
2010-04-18,9.05,10.74,10.74,9.05,122134,0.15735567970204836
2010-04-19,9.73,9.05,9.73,9.05,176545,0.07513812154696128
2010-04-20,10.03,9.73,10.03,9.73,145907,0.030832476875642233
2010-04-21,8.63,10.03,10.03,8.63,129341,0.13958125623130596
2010-04-22,10.32,8.63,10.32,8.63,199194,0.1958285052143684
2010-04-23,10.85,10.32,10.85,10.32,196304,0.05135658914728676
2010-04-24,9.14,10.85,10.85,9.14,143191,0.15760368663594462
2010-04-25,10.35,9.14,10.35,9.14,170701,0.1323851203501093
2010-04-26,8.69,10.35,10.35,8.69,192680,0.16038647342995171
2010-04-27,9.96,8.69,9.96,8.69,168898,0.14614499424626023
2010-04-28,8.38,9.96,9.96,8.38,127677,0.15863453815261044
2010-04-29,11.12,8.38,11.12,8.38,119712,0.3269689737470165
2010-04-30,10.41,11.12,11.12,10.41,104303,0.06384892086330927
2010-05-01,9.98,10.41,10.41,9.98,195492,0.041306436119116205
2010-05-02,9.22,9.98,9.98,9.22,163815,0.07615230460921842
2010-05-03,11.27,9.22,11.27,9.22,102433,0.22234273318872005
2010-05-04,11.97,11.27,11.97,11.27,196648,0.06211180124223612
2010-05-05,8.14,11.97,11.97,8.14,171066,0.31996658312447784
2010-05-06,11.24,8.14,11.24,8.14,172025,0.38083538083538077
2010-05-07,11.63,11.24,11.63,11.24,118208,0.0346975088967972
2010-05-08,10.34,11.63,11.63,10.34,115942,0.11092003439380918
2010-05-09,8.8,10.34,10.34,8.8,100864,0.14893617021276587
2010-05-10,10.86,8.8,10.86,8.8,179111,0.23409090909090893
2010-05-11,9.82,10.86,10.86,9.82,188308,0.09576427255985259
2010-05-12,9.4,9.82,9.82,9.4,115569,0.042769857433808546
2010-05-13,8.77,9.4,9.4,8.77,105627,0.06702127659574476
2010-05-14,10.55,8.77,10.55,8.77,196754,0.2029646522234893
2010-05-15,10.79,10.55,10.79,10.55,127878,0.022748815165876627
2010-05-16,9.38,10.79,10.79,9.38,126570,0.1306765523632992
2010-05-17,10.52,9.38,10.52,9.38,168786,0.12153518123667363
2010-05-18,8.86,10.52,10.52,8.86,157947,0.15779467680608367
2010-05-19,10.8,8.86,10.8,8.86,149552,0.2189616252821672
2010-05-20,10.05,10.8,10.8,10.05,167249,0.06944444444444443
2010-05-21,9.81,10.05,10.05,9.81,172043,0.023880597014925394
2010-05-22,9.9,9.81,9.9,9.81,173736,0.00917431192660549
2010-05-23,10.87,9.9,10.87,9.9,101695,0.09797979797979786
2010-05-24,10.75,10.87,10.87,10.75,160953,0.011039558417663223
2010-05-25,10.53,10.75,10.75,10.53,193602,0.020465116279069828
2010-05-26,10.14,10.53,10.53,10.14,126998,0.037037037037036924
2010-05-27,10.08,10.14,10.14,10.08,188569,0.005917159763313658
2010-05-28,10.62,10.08,10.62,10.08,185217,0.053571428571428485
2010-05-29,10.23,10.62,10.62,10.23,127616,0.0367231638418078
2010-05-30,10.68,10.23,10.68,10.23,130060,0.043988269794721334
2010-05-31,9.69,10.68,10.68,9.69,100261,0.09269662921348316
2010-06-01,7.57,9.69,9.69,7.57,179295,0.218782249742002
2010-06-02,11.04,7.57,11.04,7.57,112916,0.4583883751651253
2010-06-03,12.19,11.04,12.19,11.04,126725,0.10416666666666671
2010-06-04,10.44,12.19,12.19,10.44,173752,0.1435602953240361
2010-06-05,9.9,10.44,10.44,9.9,149326,0.051724137931034406
2010-06-06,9.86,9.9,9.9,9.86,106676,0.004040404040404133
2010-06-07,9.88,9.86,9.88,9.86,127776,0.002028397565923058
2010-06-08,10.02,9.88,10.02,9.88,198245,0.014170040485829836
2010-06-09,8.88,10.02,10.02,8.88,138422,0.11377245508982024
2010-06-10,9.48,8.88,9.48,8.88,150151,0.06756756756756752
2010-06-11,9.0,9.48,9.48,9.0,194437,0.050632911392405104
2010-06-12,10.25,9.0,10.25,9.0,179641,0.1388888888888889
2010-06-13,9.7,10.25,10.25,9.7,166672,0.05365853658536592
2010-06-14,10.5,9.7,10.5,9.7,196740,0.08247422680412379
2010-06-15,9.83,10.5,10.5,9.83,156896,0.0638095238095238
2010-06-16,10.99,9.83,10.99,9.83,150221,0.1180061037639878
2010-06-17,10.21,10.99,10.99,10.21,154310,0.0709736123748862
2010-06-18,12.19,10.21,12.19,10.21,133844,0.19392752203721828
2010-06-19,8.1,12.19,12.19,8.1,170452,0.3355209187858901
2010-06-20,9.35,8.1,9.35,8.1,175040,0.154320987654321
2010-06-21,10.9,9.35,10.9,9.35,185957,0.1657754010695188
2010-06-22,12.53,10.9,12.53,10.9,151648,0.14954128440366962
2010-06-23,9.75,12.53,12.53,9.75,172117,0.2218675179569034
2010-06-24,10.04,9.75,10.04,9.75,175317,0.029743589743589656
2010-06-25,9.77,10.04,10.04,9.77,190252,0.02689243027888442
2010-06-26,11.33,9.77,11.33,9.77,132254,0.15967246673490282
2010-06-27,9.71,11.33,11.33,9.71,138224,0.14298323036187108
2010-06-28,10.68,9.71,10.68,9.71,191744,0.0998970133882594
2010-06-29,9.68,10.68,10.68,9.68,152769,0.09363295880149813
2010-06-30,8.73,9.68,9.68,8.73,172499,0.09814049586776852
2010-07-01,10.31,8.73,10.31,8.73,113174,0.18098510882016036
2010-07-02,10.5,10.31,10.5,10.31,128624,0.01842870999030063
2010-07-03,11.29,10.5,11.29,10.5,168150,0.07523809523809516
2010-07-04,9.89,11.29,11.29,9.89,115465,0.12400354295837013
2010-07-05,9.38,9.89,9.89,9.38,103852,0.05156723963599593
2010-07-06,10.56,9.38,10.56,9.38,148469,0.12579957356076754
2010-07-07,10.24,10.56,10.56,10.24,168362,0.030303030303030328
2010-07-08,10.28,10.24,10.28,10.24,122097,0.0039062499999999167
2010-07-09,9.93,10.28,10.28,9.93,146587,0.03404669260700386
2010-07-10,11.16,9.93,11.16,9.93,103150,0.12386706948640488
2010-07-11,10.37,11.16,11.16,10.37,116327,0.0707885304659499
2010-07-12,11.9,10.37,11.9,10.37,178676,0.14754098360655749
2010-07-13,11.11,11.9,11.9,11.11,152765,0.06638655462184881
2010-07-14,10.66,11.11,11.11,10.66,142252,0.040504050405040445
2010-07-15,8.37,10.66,10.66,8.37,104231,0.2148217636022515
2010-07-16,10.6,8.37,10.6,8.37,156390,0.2664277180406213
2010-07-17,10.42,10.6,10.6,10.42,198130,0.016981132075471674
2010-07-18,10.81,10.42,10.81,10.42,176095,0.03742802303262961
2010-07-19,11.04,10.81,11.04,10.81,135838,0.021276595744680726
2010-07-20,9.6,11.04,11.04,9.6,165258,0.13043478260869562
2010-07-21,10.82,9.6,10.82,9.6,193100,0.1270833333333334
2010-07-22,9.44,10.82,10.82,9.44,143333,0.12754158964879858
2010-07-23,11.95,9.44,11.95,9.44,190740,0.2658898305084746
2010-07-24,8.67,11.95,11.95,8.67,176783,0.2744769874476987
2010-07-25,8.24,8.67,8.67,8.24,131064,0.04959630911188001
2010-07-26,8.35,8.24,8.35,8.24,136733,0.013349514563106726
2010-07-27,9.11,8.35,9.11,8.35,143790,0.09101796407185626
2010-07-28,8.88,9.11,9.11,8.88,170331,0.025246981339187558
2010-07-29,11.96,8.88,11.96,8.88,160774,0.3468468468468468
2010-07-30,9.67,11.96,11.96,9.67,116856,0.19147157190635458
2010-07-31,8.66,9.67,9.67,8.66,189121,0.10444674250258529
2010-08-01,11.11,8.66,11.11,8.66,183736,0.28290993071593523
2010-08-02,9.41,11.11,11.11,9.41,121499,0.15301530153015297
2010-08-03,8.76,9.41,9.41,8.76,191139,0.06907545164718389
2010-08-04,10.88,8.76,10.88,8.76,133577,0.24200913242009145
2010-08-05,10.62,10.88,10.88,10.62,139783,0.023897058823529552
2010-08-06,9.57,10.62,10.62,9.57,110646,0.09887005649717505
2010-08-07,11.41,9.57,11.41,9.57,199509,0.19226750261233017
2010-08-08,10.13,11.41,11.41,10.13,182793,0.11218229623137593
2010-08-09,11.62,10.13,11.62,10.13,199936,0.14708785784797615
2010-08-10,10.5,11.62,11.62,10.5,198139,0.09638554216867463
2010-08-11,11.56,10.5,11.56,10.5,171515,0.100952380952381
2010-08-12,10.11,11.56,11.56,10.11,190706,0.12543252595155718
2010-08-13,8.78,10.11,10.11,8.78,149121,0.13155291790306628
2010-08-14,12.45,8.78,12.45,8.78,136470,0.417995444191344
2010-08-15,9.45,12.45,12.45,9.45,108868,0.24096385542168677
2010-08-16,9.8,9.45,9.8,9.45,177164,0.03703703703703719
2010-08-17,9.3,9.8,9.8,9.3,107430,0.0510204081632653
2010-08-18,9.8,9.3,9.8,9.3,116038,0.05376344086021505
2010-08-19,10.24,9.8,10.24,9.8,101517,0.04489795918367342
2010-08-20,10.2,10.24,10.24,10.2,141200,0.00390625000000009
2010-08-21,10.66,10.2,10.66,10.2,173081,0.045098039215686364
2010-08-22,11.79,10.66,11.79,10.66,130511,0.10600375234521567
2010-08-23,9.88,11.79,11.79,9.88,105566,0.16200169635284126
2010-08-24,8.77,9.88,9.88,8.77,140775,0.11234817813765194
2010-08-25,8.82,8.77,8.82,8.77,168650,0.005701254275940789
2010-08-26,9.33,8.82,9.33,8.82,160820,0.057823129251700654
2010-08-27,8.33,9.33,9.33,8.33,180753,0.10718113612004287
2010-08-28,10.83,8.33,10.83,8.33,182610,0.30012004801920766
2010-08-29,9.5,10.83,10.83,9.5,180150,0.12280701754385966
2010-08-30,9.69,9.5,9.69,9.5,190114,0.01999999999999995
2010-08-31,10.0,9.69,10.0,9.69,196703,0.031991744066047524
2010-09-01,8.6,10.0,10.0,8.6,174601,0.14000000000000004
2010-09-02,9.14,8.6,9.14,8.6,163616,0.06279069767441871
2010-09-03,10.67,9.14,10.67,9.14,138492,0.16739606126914652
2010-09-04,10.62,10.67,10.67,10.62,142343,0.004686035613870732
2010-09-05,9.56,10.62,10.62,9.56,175976,0.09981167608286241
2010-09-06,11.81,9.56,11.81,9.56,189097,0.23535564853556484
2010-09-07,8.69,11.81,11.81,8.69,180222,0.2641828958509738
2010-09-08,9.66,8.69,9.66,8.69,102059,0.11162255466052942
2010-09-09,9.77,9.66,9.77,9.66,103170,0.011387163561076545
2010-09-10,7.21,9.77,9.77,7.21,122824,0.2620266120777891
2010-09-11,11.94,7.21,11.94,7.21,104059,0.6560332871012482
2010-09-12,10.37,11.94,11.94,10.37,135660,0.13149078726968177
2010-09-13,8.96,10.37,10.37,8.96,187531,0.13596914175506253
2010-09-14,12.05,8.96,12.05,8.96,182109,0.3448660714285714
2010-09-15,10.59,12.05,12.05,10.59,188706,0.12116182572614115
2010-09-16,10.43,10.59,10.59,10.43,168434,0.015108593012275745
2010-09-17,9.39,10.43,10.43,9.39,189309,0.09971236816874393
2010-09-18,10.11,9.39,10.11,9.39,127369,0.07667731629392958
2010-09-19,8.47,10.11,10.11,8.47,121807,0.1622156280909989
2010-09-20,10.8,8.47,10.8,8.47,118554,0.27508854781582054
2010-09-21,9.63,10.8,10.8,9.63,173186,0.10833333333333332
2010-09-22,10.13,9.63,10.13,9.63,116464,0.05192107995846313
2010-09-23,11.2,10.13,11.2,10.13,165911,0.10562685093780834
2010-09-24,10.28,11.2,11.2,10.28,137503,0.08214285714285714
2010-09-25,10.26,10.28,10.28,10.26,110097,0.0019455252918287524
2010-09-26,10.28,10.26,10.28,10.26,111595,0.0019493177387913815
2010-09-27,9.27,10.28,10.28,9.27,138913,0.09824902723735407
2010-09-28,10.84,9.27,10.84,9.27,195412,0.16936353829557718
2010-09-29,11.54,10.84,11.54,10.84,141585,0.0645756457564575
2010-09-30,10.76,11.54,11.54,10.76,118752,0.06759098786828417
2010-10-01,10.88,10.76,10.88,10.76,162155,0.011152416356877417
2010-10-02,9.12,10.88,10.88,9.12,105093,0.16176470588235306
2010-10-03,9.13,9.12,9.13,9.12,172398,0.001096491228070347
2010-10-04,8.56,9.13,9.13,8.56,131595,0.06243154435925523
2010-10-05,11.23,8.56,11.23,8.56,139102,0.31191588785046725
2010-10-06,9.75,11.23,11.23,9.75,181996,0.1317898486197685
2010-10-07,11.4,9.75,11.4,9.75,121552,0.16923076923076927
2010-10-08,9.22,11.4,11.4,9.22,104132,0.19122807017543855
2010-10-09,9.56,9.22,9.56,9.22,173265,0.036876355748373085
2010-10-10,10.1,9.56,10.1,9.56,149737,0.05648535564853547
2010-10-11,10.92,10.1,10.92,10.1,148021,0.08118811881188122
2010-10-12,10.06,10.92,10.92,10.06,116755,0.0787545787545787
2010-10-13,10.21,10.06,10.21,10.06,134720,0.01491053677932409
2010-10-14,10.02,10.21,10.21,10.02,127719,0.018609206660137243
2010-10-15,10.18,10.02,10.18,10.02,134688,0.015968063872255505
2010-10-16,8.88,10.18,10.18,8.88,179790,0.12770137524557948
2010-10-17,10.08,8.88,10.08,8.88,189880,0.13513513513513503
2010-10-18,9.81,10.08,10.08,9.81,181488,0.026785714285714243
2010-10-19,9.94,9.81,9.94,9.81,131632,0.013251783893985626
2010-10-20,10.49,9.94,10.49,9.94,130020,0.05533199195171033
2010-10-21,9.32,10.49,10.49,9.32,173178,0.11153479504289798
2010-10-22,9.92,9.32,9.92,9.32,168198,0.06437768240343343
2010-10-23,9.7,9.92,9.92,9.7,172967,0.022177419354838773
2010-10-24,10.42,9.7,10.42,9.7,132444,0.07422680412371141
2010-10-25,10.78,10.42,10.78,10.42,180905,0.034548944337811846
2010-10-26,9.04,10.78,10.78,9.04,182239,0.16141001855287573
2010-10-27,10.59,9.04,10.59,9.04,192925,0.17146017699115054
2010-10-28,12.07,10.59,12.07,10.59,132324,0.13975448536355056
2010-10-29,8.53,12.07,12.07,8.53,196377,0.2932891466445734
2010-10-30,9.17,8.53,9.17,8.53,123693,0.07502930832356397
2010-10-31,9.12,9.17,9.17,9.12,127586,0.005452562704471179
2010-11-01,9.72,9.12,9.72,9.12,197755,0.06578947368421069
2010-11-02,11.62,9.72,11.62,9.72,100640,0.19547325102880642
2010-11-03,10.01,11.62,11.62,10.01,199362,0.13855421686746985
2010-11-04,9.31,10.01,10.01,9.31,100198,0.06993006993006987
2010-11-05,10.62,9.31,10.62,9.31,128688,0.14070891514500522
2010-11-06,9.4,10.62,10.62,9.4,109893,0.11487758945386055
2010-11-07,11.12,9.4,11.12,9.4,152497,0.1829787234042552
2010-11-08,10.31,11.12,11.12,10.31,156486,0.07284172661870493
2010-11-09,11.39,10.31,11.39,10.31,118047,0.10475266731328807
2010-11-10,9.34,11.39,11.39,9.34,120494,0.1799824407374891
2010-11-11,13.03,9.34,13.03,9.34,178501,0.39507494646680935
2010-11-12,10.82,13.03,13.03,10.82,195678,0.16960859554873364
2010-11-13,10.65,10.82,10.82,10.65,124960,0.01571164510166358
2010-11-14,9.95,10.65,10.65,9.95,176539,0.06572769953051653
2010-11-15,9.27,9.95,9.95,9.27,148801,0.06834170854271354
2010-11-16,9.13,9.27,9.27,9.13,119121,0.015102481121898468
2010-11-17,9.86,9.13,9.86,9.13,106861,0.07995618838992317
2010-11-18,9.2,9.86,9.86,9.2,186627,0.0669371196754564
2010-11-19,10.28,9.2,10.28,9.2,122175,0.1173913043478261
2010-11-20,9.17,10.28,10.28,9.17,172121,0.107976653696498
2010-11-21,10.62,9.17,10.62,9.17,131945,0.15812431842966188
2010-11-22,10.96,10.62,10.96,10.62,133740,0.03201506591337115
2010-11-23,9.29,10.96,10.96,9.29,126933,0.15237226277372276
2010-11-24,11.19,9.29,11.19,9.29,123226,0.20452099031216367
2010-11-25,9.76,11.19,11.19,9.76,167853,0.12779267202859695
2010-11-26,11.16,9.76,11.16,9.76,166537,0.14344262295081972
2010-11-27,10.44,11.16,11.16,10.44,114374,0.06451612903225812
2010-11-28,11.12,10.44,11.12,10.44,139515,0.06513409961685822
2010-11-29,9.0,11.12,11.12,9.0,113911,0.19064748201438844
2010-11-30,9.89,9.0,9.89,9.0,198797,0.09888888888888896
2010-12-01,11.45,9.89,11.45,9.89,193307,0.15773508594539926
2010-12-02,9.38,11.45,11.45,9.38,189147,0.18078602620087325
2010-12-03,7.96,9.38,9.38,7.96,143382,0.15138592750533056
2010-12-04,8.06,7.96,8.06,7.96,160407,0.012562814070351825
2010-12-05,7.49,8.06,8.06,7.49,194382,0.07071960297766752
2010-12-06,7.89,7.49,7.89,7.49,136670,0.05340453938584772
2010-12-07,9.59,7.89,9.59,7.89,147062,0.21546261089987329
2010-12-08,11.28,9.59,11.28,9.59,199773,0.17622523461939515
2010-12-09,9.56,11.28,11.28,9.56,133575,0.15248226950354601
2010-12-10,10.32,9.56,10.32,9.56,141287,0.07949790794979077
2010-12-11,9.89,10.32,10.32,9.89,189986,0.04166666666666664
2010-12-12,10.01,9.89,10.01,9.89,196699,0.012133468149646028
2010-12-13,9.83,10.01,10.01,9.83,161465,0.017982017982017953
2010-12-14,9.83,9.83,9.83,9.83,106585,0.0
2010-12-15,10.46,9.83,10.46,9.83,105920,0.06408952187182103
2010-12-16,8.82,10.46,10.46,8.82,146973,0.1567877629063098
2010-12-17,11.01,8.82,11.01,8.82,103742,0.2482993197278911
2010-12-18,10.92,11.01,11.01,10.92,144660,0.008174386920980914
2010-12-19,9.8,10.92,10.92,9.8,104955,0.10256410256410249
2010-12-20,10.81,9.8,10.81,9.8,136009,0.10306122448979589
2010-12-21,9.3,10.81,10.81,9.3,117870,0.13968547641073079
2010-12-22,9.46,9.3,9.46,9.3,176404,0.01720430107526883
2010-12-23,10.16,9.46,10.16,9.46,100173,0.0739957716701902
2010-12-24,9.81,10.16,10.16,9.81,103413,0.03444881889763776
2010-12-25,9.55,9.81,9.81,9.55,151481,0.026503567787971433
2010-12-26,9.33,9.55,9.55,9.33,199530,0.02303664921465975
2010-12-27,9.44,9.33,9.44,9.33,135074,0.011789924973204654
2010-12-28,10.94,9.44,10.94,9.44,132798,0.15889830508474578
2010-12-29,8.06,10.94,10.94,8.06,110317,0.26325411334552096
2010-12-30,10.35,8.06,10.35,8.06,126459,0.2841191066997517
2010-12-31,9.76,10.35,10.35,9.76,141824,0.05700483091787439
2011-01-01,10.73,9.76,10.73,9.76,171954,0.09938524590163941
2011-01-02,10.52,10.73,10.73,10.52,184953,0.01957129543336448
2011-01-03,7.22,10.52,10.52,7.22,136568,0.31368821292775667
2011-01-04,10.58,7.22,10.58,7.22,199768,0.4653739612188366
2011-01-05,10.32,10.58,10.58,10.32,124452,0.02457466918714554
2011-01-06,10.02,10.32,10.32,10.02,130603,0.029069767441860534
2011-01-07,9.53,10.02,10.02,9.53,128184,0.04890219560878246
2011-01-08,10.85,9.53,10.85,9.53,131474,0.13850996852046174
2011-01-09,9.59,10.85,10.85,9.59,140598,0.1161290322580645
2011-01-10,11.83,9.59,11.83,9.59,173094,0.23357664233576644
2011-01-11,10.56,11.83,11.83,10.56,132924,0.10735418427726116
2011-01-12,12.14,10.56,12.14,10.56,164053,0.14962121212121213
2011-01-13,9.21,12.14,12.14,9.21,131390,0.24135090609555185
2011-01-14,8.24,9.21,9.21,8.24,180487,0.10532030401737248
2011-01-15,10.71,8.24,10.71,8.24,147216,0.29975728155339815
2011-01-16,10.85,10.71,10.85,10.71,184718,0.013071895424836487
2011-01-17,10.04,10.85,10.85,10.04,186171,0.07465437788018438
2011-01-18,8.46,10.04,10.04,8.46,135461,0.15737051792828669
2011-01-19,9.55,8.46,9.55,8.46,158787,0.12884160756501178
2011-01-20,10.62,9.55,10.62,9.55,107762,0.11204188481675376
2011-01-21,9.82,10.62,10.62,9.82,194446,0.0753295668549905
2011-01-22,9.88,9.82,9.88,9.82,157392,0.006109979633401272
2011-01-23,9.82,9.88,9.88,9.82,174988,0.006072874493927175
2011-01-24,9.07,9.82,9.82,9.07,105605,0.07637474541751527
2011-01-25,9.47,9.07,9.47,9.07,124316,0.04410143329658218
2011-01-26,8.57,9.47,9.47,8.57,199352,0.09503695881731787
2011-01-27,11.77,8.57,11.77,8.57,108298,0.3733955659276545
2011-01-28,9.52,11.77,11.77,9.52,101192,0.1911639762107052
2011-01-29,10.48,9.52,10.48,9.52,102283,0.10084033613445388
2011-01-30,8.98,10.48,10.48,8.98,170044,0.1431297709923664
2011-01-31,10.79,8.98,10.79,8.98,147272,0.2015590200445433
2011-02-01,8.13,10.79,10.79,8.13,166735,0.2465245597775717
2011-02-02,10.92,8.13,10.92,8.13,195127,0.3431734317343172
2011-02-03,9.96,10.92,10.92,9.96,162876,0.08791208791208782
2011-02-04,12.11,9.96,12.11,9.96,187548,0.21586345381526087
2011-02-05,8.69,12.11,12.11,8.69,135028,0.282411230388109
2011-02-06,10.08,8.69,10.08,8.69,124409,0.15995397008055243
2011-02-07,10.37,10.08,10.37,10.08,151109,0.028769841269841185
2011-02-08,11.23,10.37,11.23,10.37,117669,0.08293153326904544
2011-02-09,9.58,11.23,11.23,9.58,116407,0.1469278717720392
2011-02-10,10.09,9.58,10.09,9.58,149521,0.0532359081419624
2011-02-11,7.86,10.09,10.09,7.86,117092,0.22101090188305247
2011-02-12,9.17,7.86,9.17,7.86,165684,0.1666666666666666
2011-02-13,10.45,9.17,10.45,9.17,101464,0.13958560523446012
2011-02-14,11.1,10.45,11.1,10.45,133821,0.06220095693779908
2011-02-15,9.72,11.1,11.1,9.72,121874,0.12432432432432423
2011-02-16,12.06,9.72,12.06,9.72,102716,0.2407407407407407
2011-02-17,11.76,12.06,12.06,11.76,104338,0.02487562189054732
2011-02-18,9.94,11.76,11.76,9.94,169083,0.1547619047619048
2011-02-19,7.59,9.94,9.94,7.59,198486,0.23641851106639836
2011-02-20,8.22,7.59,8.22,7.59,167484,0.08300395256917006
2011-02-21,9.22,8.22,9.22,8.22,196959,0.121654501216545
2011-02-22,11.12,9.22,11.12,9.22,149895,0.20607375271149658
2011-02-23,10.31,11.12,11.12,10.31,112753,0.07284172661870493
2011-02-24,7.91,10.31,10.31,7.91,131292,0.23278370514064017
2011-02-25,9.77,7.91,9.77,7.91,197989,0.23514538558786338
2011-02-26,11.61,9.77,11.61,9.77,163944,0.18833162743091095
2011-02-27,9.63,11.61,11.61,9.63,143620,0.17054263565891462
2011-02-28,9.25,9.63,9.63,9.25,168660,0.03946002076843206
2011-03-01,12.05,9.25,12.05,9.25,139004,0.3027027027027028
2011-03-02,10.05,12.05,12.05,10.05,172288,0.16597510373443983
2011-03-03,9.52,10.05,10.05,9.52,106250,0.05273631840796031
2011-03-04,10.35,9.52,10.35,9.52,135557,0.08718487394957984
2011-03-05,10.02,10.35,10.35,10.02,103129,0.0318840579710145
2011-03-06,9.57,10.02,10.02,9.57,137342,0.044910179640718494
2011-03-07,11.21,9.57,11.21,9.57,150727,0.17136886102403348
2011-03-08,11.12,11.21,11.21,11.12,149742,0.008028545941124142
2011-03-09,10.84,11.12,11.12,10.84,139018,0.025179856115107858
2011-03-10,9.9,10.84,10.84,9.9,180110,0.08671586715867154
2011-03-11,11.15,9.9,11.15,9.9,107481,0.12626262626262627
2011-03-12,9.95,11.15,11.15,9.95,183077,0.10762331838565031
2011-03-13,10.47,9.95,10.47,9.95,165177,0.052261306532663455
2011-03-14,11.03,10.47,11.03,10.47,169583,0.05348615090735422
2011-03-15,10.81,11.03,11.03,10.81,148221,0.019945602901178503
2011-03-16,11.79,10.81,11.79,10.81,187845,0.09065679925994437
2011-03-17,10.45,11.79,11.79,10.45,197196,0.11365564037319763
2011-03-18,8.32,10.45,10.45,8.32,112732,0.20382775119617216
2011-03-19,8.84,8.32,8.84,8.32,132604,0.062499999999999944
2011-03-20,11.35,8.84,11.35,8.84,181449,0.2839366515837104
2011-03-21,9.67,11.35,11.35,9.67,170463,0.14801762114537442
2011-03-22,10.39,9.67,10.39,9.67,172967,0.0744570837642193
2011-03-23,9.15,10.39,10.39,9.15,139042,0.11934552454282966
2011-03-24,11.0,9.15,11.0,9.15,192846,0.20218579234972672
2011-03-25,9.62,11.0,11.0,9.62,175339,0.1254545454545455
2011-03-26,11.46,9.62,11.46,9.62,149844,0.19126819126819145
2011-03-27,9.47,11.46,11.46,9.47,149730,0.1736474694589878
2011-03-28,11.12,9.47,11.12,9.47,116793,0.1742344244984159
2011-03-29,10.67,11.12,11.12,10.67,112965,0.04046762589928051
2011-03-30,9.28,10.67,10.67,9.28,138787,0.13027179006560455
2011-03-31,11.1,9.28,11.1,9.28,176663,0.19612068965517246
2011-04-01,9.1,11.1,11.1,9.1,168948,0.1801801801801802
2011-04-02,9.18,9.1,9.18,9.1,174102,0.0087912087912088
2011-04-03,10.72,9.18,10.72,9.18,109920,0.16775599128540317
2011-04-04,9.37,10.72,10.72,9.37,119584,0.12593283582089565
2011-04-05,9.41,9.37,9.41,9.37,158193,0.0042689434364995655
2011-04-06,9.66,9.41,9.66,9.41,121422,0.026567481402763018
2011-04-07,9.0,9.66,9.66,9.0,149123,0.06832298136645965
2011-04-08,11.04,9.0,11.04,9.0,177268,0.22666666666666657
2011-04-09,10.61,11.04,11.04,10.61,136406,0.03894927536231882
2011-04-10,9.93,10.61,10.61,9.93,173343,0.06409048067860507
2011-04-11,9.89,9.93,9.93,9.89,184131,0.004028197381671616
2011-04-12,10.45,9.89,10.45,9.89,167406,0.056622851365015034
2011-04-13,11.77,10.45,11.77,10.45,181074,0.12631578947368424
2011-04-14,10.87,11.77,11.77,10.87,190724,0.0764655904842821
2011-04-15,9.49,10.87,10.87,9.49,132114,0.12695492180312778
2011-04-16,10.78,9.49,10.78,9.49,139018,0.13593256059009473
2011-04-17,9.88,10.78,10.78,9.88,149894,0.08348794063079765
2011-04-18,9.8,9.88,9.88,9.8,129335,0.008097165991902841
2011-04-19,11.87,9.8,11.87,9.8,198497,0.2112244897959182
2011-04-20,9.58,11.87,11.87,9.58,113056,0.19292333614153323
2011-04-21,9.52,9.58,9.58,9.52,113088,0.006263048016701514
2011-04-22,8.05,9.52,9.52,8.05,119275,0.15441176470588225
2011-04-23,8.6,8.05,8.6,8.05,164537,0.06832298136645949
2011-04-24,10.45,8.6,10.45,8.6,169815,0.2151162790697674
2011-04-25,9.31,10.45,10.45,9.31,183525,0.10909090909090899
2011-04-26,10.52,9.31,10.52,9.31,165029,0.12996777658431782
2011-04-27,8.89,10.52,10.52,8.89,132014,0.1549429657794676
2011-04-28,9.23,8.89,9.23,8.89,113015,0.03824521934758154
2011-04-29,10.67,9.23,10.67,9.23,149666,0.15601300108342356
2011-04-30,11.46,10.67,11.46,10.67,164603,0.0740393626991566
2011-05-01,10.59,11.46,11.46,10.59,182680,0.07591623036649223
2011-05-02,11.2,10.59,11.2,10.59,165507,0.057601510859301173
2011-05-03,11.7,11.2,11.7,11.2,124802,0.044642857142857144
2011-05-04,11.04,11.7,11.7,11.04,196186,0.056410256410256425
2011-05-05,9.08,11.04,11.04,9.08,194232,0.1775362318840579
2011-05-06,9.89,9.08,9.89,9.08,102163,0.08920704845814983
2011-05-07,10.63,9.89,10.63,9.89,133550,0.07482305358948435
2011-05-08,9.59,10.63,10.63,9.59,136853,0.09783631232361249
2011-05-09,10.45,9.59,10.45,9.59,103542,0.08967674661105313
2011-05-10,8.42,10.45,10.45,8.42,104384,0.19425837320574157
2011-05-11,9.17,8.42,9.17,8.42,118888,0.08907363420427554
2011-05-12,10.53,9.17,10.53,9.17,132617,0.1483097055616139
2011-05-13,7.76,10.53,10.53,7.76,195654,0.26305792972459635
2011-05-14,8.89,7.76,8.89,7.76,137524,0.14561855670103102
2011-05-15,9.98,8.89,9.98,8.89,126520,0.12260967379077613
2011-05-16,8.28,9.98,9.98,8.28,110951,0.17034068136272554
2011-05-17,10.06,8.28,10.06,8.28,171835,0.21497584541062817
2011-05-18,9.2,10.06,10.06,9.2,173381,0.08548707753479137
2011-05-19,9.71,9.2,9.71,9.2,129161,0.055434782608695825
2011-05-20,9.74,9.71,9.74,9.71,123263,0.003089598352214146
2011-05-21,10.19,9.74,10.19,9.74,185349,0.04620123203285414
2011-05-22,9.44,10.19,10.19,9.44,162930,0.07360157016683024
2011-05-23,10.09,9.44,10.09,9.44,122326,0.06885593220338987
2011-05-24,9.4,10.09,10.09,9.4,198038,0.06838453914767091
2011-05-25,10.56,9.4,10.56,9.4,173973,0.12340425531914895
2011-05-26,11.69,10.56,11.69,10.56,109673,0.10700757575757566
2011-05-27,10.2,11.69,11.69,10.2,194469,0.1274593669803251
2011-05-28,10.17,10.2,10.2,10.17,111886,0.002941176470588173
2011-05-29,8.84,10.17,10.17,8.84,124642,0.13077679449360866
2011-05-30,10.69,8.84,10.69,8.84,103070,0.20927601809954746
2011-05-31,9.24,10.69,10.69,9.24,147353,0.13564078578110378
2011-06-01,9.19,9.24,9.24,9.19,152446,0.005411255411255488
2011-06-02,10.56,9.19,10.56,9.19,132946,0.14907508161044625
2011-06-03,10.18,10.56,10.56,10.18,174242,0.03598484848484856
2011-06-04,11.11,10.18,11.11,10.18,179239,0.09135559921414536
2011-06-05,11.44,11.11,11.44,11.11,145273,0.029702970297029712
2011-06-06,9.46,11.44,11.44,9.46,157173,0.17307692307692296
2011-06-07,10.13,9.46,10.13,9.46,133956,0.07082452431289639
2011-06-08,11.76,10.13,11.76,10.13,168674,0.1609081934846988
2011-06-09,10.97,11.76,11.76,10.97,122777,0.06717687074829924
2011-06-10,10.71,10.97,10.97,10.71,198827,0.023701002734731063
2011-06-11,11.31,10.71,11.31,10.71,106563,0.056022408963585395
2011-06-12,9.4,11.31,11.31,9.4,182855,0.16887709991158267
2011-06-13,10.64,9.4,10.64,9.4,101588,0.1319148936170213
2011-06-14,11.41,10.64,11.41,10.64,199273,0.07236842105263154
2011-06-15,11.62,11.41,11.62,11.41,157991,0.01840490797546004
2011-06-16,9.19,11.62,11.62,9.19,160340,0.2091222030981067
2011-06-17,9.75,9.19,9.75,9.19,198030,0.0609357997823722
2011-06-18,10.38,9.75,10.38,9.75,116069,0.0646153846153847
2011-06-19,9.71,10.38,10.38,9.71,158553,0.06454720616570327
2011-06-20,9.61,9.71,9.71,9.61,172793,0.01029866117404752
2011-06-21,10.68,9.61,10.68,9.61,163991,0.11134235171696154
2011-06-22,9.65,10.68,10.68,9.65,196723,0.09644194756554302
2011-06-23,8.21,9.65,9.65,8.21,101965,0.14922279792746107
2011-06-24,10.36,8.21,10.36,8.21,172180,0.26187576126674766
2011-06-25,9.58,10.36,10.36,9.58,182044,0.07528957528957524
2011-06-26,9.27,9.58,9.58,9.27,169187,0.03235908141962427
2011-06-27,8.43,9.27,9.27,8.43,104201,0.09061488673139158
2011-06-28,11.01,8.43,11.01,8.43,116723,0.30604982206405695
2011-06-29,7.77,11.01,11.01,7.77,107621,0.29427792915531337
2011-06-30,8.3,7.77,8.3,7.77,108394,0.06821106821106836
2011-07-01,9.72,8.3,9.72,8.3,145375,0.17108433734939757
2011-07-02,11.23,9.72,11.23,9.72,120841,0.1553497942386831
2011-07-03,11.31,11.23,11.31,11.23,138818,0.007123775601068572
2011-07-04,8.85,11.31,11.31,8.85,138611,0.21750663129973483
2011-07-05,9.82,8.85,9.82,8.85,151618,0.10960451977401138
2011-07-06,8.49,9.82,9.82,8.49,175737,0.1354378818737271
2011-07-07,11.01,8.49,11.01,8.49,178504,0.29681978798586567
2011-07-08,8.52,11.01,11.01,8.52,192503,0.226158038147139
2011-07-09,9.86,8.52,9.86,8.52,141419,0.1572769953051643
2011-07-10,11.03,9.86,11.03,9.86,169030,0.11866125760649088
2011-07-11,9.78,11.03,11.03,9.78,185963,0.11332728921124208
2011-07-12,11.47,9.78,11.47,9.78,111797,0.1728016359918202
2011-07-13,9.13,11.47,11.47,9.13,157487,0.2040104620749782
2011-07-14,10.37,9.13,10.37,9.13,167780,0.1358159912376778
2011-07-15,10.85,10.37,10.85,10.37,158578,0.04628736740597883
2011-07-16,9.86,10.85,10.85,9.86,189867,0.09124423963133643
2011-07-17,11.39,9.86,11.39,9.86,188228,0.15517241379310356
2011-07-18,10.55,11.39,11.39,10.55,179033,0.07374890254609305
2011-07-19,8.36,10.55,10.55,8.36,100027,0.2075829383886257
2011-07-20,13.96,8.36,13.96,8.36,114543,0.6698564593301437
2011-07-21,10.65,13.96,13.96,10.65,164897,0.2371060171919771
2011-07-22,10.11,10.65,10.65,10.11,141089,0.05070422535211276
2011-07-23,8.6,10.11,10.11,8.6,112249,0.14935707220573688
2011-07-24,10.08,8.6,10.08,8.6,126815,0.17209302325581402
2011-07-25,9.54,10.08,10.08,9.54,152698,0.053571428571428666
2011-07-26,10.64,9.54,10.64,9.54,136198,0.1153039832285117
2011-07-27,10.37,10.64,10.64,10.37,188975,0.025375939849624187
2011-07-28,11.85,10.37,11.85,10.37,180981,0.1427193828351013
2011-07-29,10.14,11.85,11.85,10.14,126320,0.14430379746835437
2011-07-30,10.51,10.14,10.51,10.14,183579,0.03648915187376718
2011-07-31,10.37,10.51,10.51,10.37,151867,0.013320647002854479
2011-08-01,9.85,10.37,10.37,9.85,165245,0.05014464802314365
2011-08-02,9.82,9.85,9.85,9.82,134062,0.0030456852791877526
2011-08-03,11.1,9.82,11.1,9.82,159916,0.130346232179226
2011-08-04,10.78,11.1,11.1,10.78,104863,0.028828828828828857
2011-08-05,9.37,10.78,10.78,9.37,167945,0.13079777365491654
2011-08-06,8.89,9.37,9.37,8.89,123316,0.05122732123799346
2011-08-07,9.93,8.89,9.93,8.89,168261,0.1169853768278964
2011-08-08,11.16,9.93,11.16,9.93,142558,0.12386706948640488
2011-08-09,9.97,11.16,11.16,9.97,105314,0.10663082437275981
2011-08-10,11.75,9.97,11.75,9.97,107585,0.1785356068204613
2011-08-11,9.22,11.75,11.75,9.22,191961,0.21531914893617016
2011-08-12,10.14,9.22,10.14,9.22,159338,0.09978308026030368
2011-08-13,7.48,10.14,10.14,7.48,170917,0.26232741617357
2011-08-14,9.4,7.48,9.4,7.48,175903,0.2566844919786096
2011-08-15,9.69,9.4,9.69,9.4,140448,0.030851063829787143
2011-08-16,10.51,9.69,10.51,9.69,187785,0.08462332301341592
2011-08-17,11.71,10.51,11.71,10.51,159012,0.11417697431018088
2011-08-18,10.03,11.71,11.71,10.03,153312,0.14346712211784812
2011-08-19,11.45,10.03,11.45,10.03,149593,0.1415752741774676
2011-08-20,10.66,11.45,11.45,10.66,186051,0.06899563318777285
2011-08-21,10.99,10.66,10.99,10.66,159806,0.030956848030018767
2011-08-22,9.53,10.99,10.99,9.53,132900,0.13284804367606923
2011-08-23,11.38,9.53,11.38,9.53,172060,0.19412381951731392
2011-08-24,8.93,11.38,11.38,8.93,119787,0.21528998242530764
2011-08-25,10.5,8.93,10.5,8.93,132236,0.17581187010078392
2011-08-26,9.05,10.5,10.5,9.05,144624,0.13809523809523802
2011-08-27,9.48,9.05,9.48,9.05,194734,0.0475138121546961
2011-08-28,8.54,9.48,9.48,8.54,175700,0.09915611814346005
2011-08-29,9.48,8.54,9.48,8.54,137873,0.11007025761124138
2011-08-30,10.35,9.48,10.35,9.48,110750,0.0917721518987341
2011-08-31,9.93,10.35,10.35,9.93,167382,0.04057971014492753
2011-09-01,8.65,9.93,9.93,8.65,115247,0.1289023162134944
2011-09-02,11.47,8.65,11.47,8.65,199296,0.3260115606936416
2011-09-03,10.34,11.47,11.47,10.34,114552,0.09851787271142116
2011-09-04,11.01,10.34,11.01,10.34,103959,0.06479690522243713
2011-09-05,10.79,11.01,11.01,10.79,158496,0.019981834695731213
2011-09-06,9.34,10.79,10.79,9.34,151390,0.13438368860055602
2011-09-07,8.05,9.34,9.34,8.05,198561,0.13811563169164873
2011-09-08,9.08,8.05,9.08,8.05,106979,0.12795031055900613
2011-09-09,11.23,9.08,11.23,9.08,129687,0.23678414096916303
2011-09-10,8.95,11.23,11.23,8.95,140559,0.20302760463045424
2011-09-11,10.82,8.95,10.82,8.95,134940,0.20893854748603366
2011-09-12,9.39,10.82,10.82,9.39,179697,0.13216266173752308
2011-09-13,10.39,9.39,10.39,9.39,151451,0.10649627263045792
2011-09-14,8.18,10.39,10.39,8.18,182857,0.21270452358036582
2011-09-15,11.17,8.18,11.17,8.18,128499,0.3655256723716382
2011-09-16,9.96,11.17,11.17,9.96,150220,0.10832587287376894
2011-09-17,10.89,9.96,10.89,9.96,198417,0.09337349397590358
2011-09-18,10.19,10.89,10.89,10.19,149889,0.06427915518824619
2011-09-19,10.8,10.19,10.8,10.19,190502,0.059862610402355375
2011-09-20,9.9,10.8,10.8,9.9,120439,0.08333333333333336
2011-09-21,10.74,9.9,10.74,9.9,185944,0.08484848484848483
2011-09-22,8.49,10.74,10.74,8.49,193681,0.20949720670391062
2011-09-23,8.92,8.49,8.92,8.49,102607,0.05064782096584213
2011-09-24,10.73,8.92,10.73,8.92,174811,0.20291479820627809
2011-09-25,9.96,10.73,10.73,9.96,189181,0.07176141658900276
2011-09-26,9.77,9.96,9.96,9.77,184562,0.01907630522088366
2011-09-27,9.82,9.77,9.82,9.77,112258,0.0051177072671443925
2011-09-28,10.5,9.82,10.5,9.82,118162,0.06924643584521382
2011-09-29,9.41,10.5,10.5,9.41,193160,0.1038095238095238
2011-09-30,10.51,9.41,10.51,9.41,189738,0.11689691817215724
2011-10-01,9.08,10.51,10.51,9.08,187383,0.13606089438629873
2011-10-02,9.59,9.08,9.59,9.08,174561,0.05616740088105725
2011-10-03,10.98,9.59,10.98,9.59,141581,0.1449426485922837
2011-10-04,11.07,10.98,11.07,10.98,157439,0.008196721311475396
2011-10-05,8.9,11.07,11.07,8.9,190072,0.1960252935862692
2011-10-06,10.84,8.9,10.84,8.9,149225,0.21797752808988757
2011-10-07,8.96,10.84,10.84,8.96,167423,0.17343173431734307
2011-10-08,10.73,8.96,10.73,8.96,156795,0.1975446428571428
2011-10-09,8.1,10.73,10.73,8.1,155074,0.24510717614165897
2011-10-10,8.88,8.1,8.88,8.1,197074,0.09629629629629644
2011-10-11,9.49,8.88,9.49,8.88,125395,0.06869369369369363
2011-10-12,9.83,9.49,9.83,9.49,128901,0.035827186512118005
2011-10-13,11.42,9.83,11.42,9.83,158322,0.1617497456765005
2011-10-14,10.9,11.42,11.42,10.9,152915,0.045534150612959685
2011-10-15,11.58,10.9,11.58,10.9,175928,0.0623853211009174
2011-10-16,11.21,11.58,11.58,11.21,161623,0.03195164075993085
2011-10-17,9.72,11.21,11.21,9.72,171492,0.1329170383586084
2011-10-18,9.73,9.72,9.73,9.72,154209,0.0010288065843621179
2011-10-19,11.07,9.73,11.07,9.73,137356,0.13771839671120245
2011-10-20,10.04,11.07,11.07,10.04,118685,0.09304426377597119
2011-10-21,9.84,10.04,10.04,9.84,131781,0.019920318725099532
2011-10-22,8.66,9.84,9.84,8.66,134361,0.11991869918699184
2011-10-23,9.89,8.66,9.89,8.66,104833,0.14203233256351044
2011-10-24,7.21,9.89,9.89,7.21,142225,0.2709807886754298
2011-10-25,9.54,7.21,9.54,7.21,147660,0.3231622746185852
2011-10-26,9.02,9.54,9.54,9.02,108889,0.05450733752620541
2011-10-27,10.69,9.02,10.69,9.02,157213,0.18514412416851442
2011-10-28,9.52,10.69,10.69,9.52,116809,0.10944808231992516
2011-10-29,9.67,9.52,9.67,9.52,150592,0.01575630252100844
2011-10-30,11.35,9.67,11.35,9.67,132502,0.17373319544984486
2011-10-31,8.95,11.35,11.35,8.95,145623,0.2114537444933921
2011-11-01,10.32,8.95,10.32,8.95,134879,0.15307262569832414
2011-11-02,8.1,10.32,10.32,8.1,100208,0.2151162790697675
2011-11-03,10.09,8.1,10.09,8.1,161403,0.24567901234567904
2011-11-04,10.41,10.09,10.41,10.09,168556,0.031714568880079314
2011-11-05,10.86,10.41,10.86,10.41,149208,0.043227665706051806
2011-11-06,9.1,10.86,10.86,9.1,105274,0.16206261510128914
2011-11-07,10.32,9.1,10.32,9.1,184414,0.13406593406593414
2011-11-08,10.32,10.32,10.32,10.32,147580,0.0
2011-11-09,9.98,10.32,10.32,9.98,172086,0.03294573643410851
2011-11-10,10.15,9.98,10.15,9.98,190352,0.017034068136272538
2011-11-11,10.46,10.15,10.46,10.15,197267,0.030541871921182313
2011-11-12,10.4,10.46,10.46,10.4,120646,0.005736137667304062
2011-11-13,9.0,10.4,10.4,9.0,191028,0.13461538461538464
2011-11-14,8.8,9.0,9.0,8.8,101210,0.022222222222222143
2011-11-15,12.51,8.8,12.51,8.8,156875,0.42159090909090896
2011-11-16,11.92,12.51,12.51,11.92,137993,0.047162270183852904
2011-11-17,8.61,11.92,11.92,8.61,185870,0.2776845637583893
2011-11-18,10.45,8.61,10.45,8.61,146565,0.21370499419279906
2011-11-19,10.63,10.45,10.63,10.45,198733,0.017224880382775264
2011-11-20,10.75,10.63,10.75,10.63,183531,0.011288805268109051
2011-11-21,10.14,10.75,10.75,10.14,170949,0.056744186046511574
2011-11-22,9.07,10.14,10.14,9.07,178498,0.1055226824457594
2011-11-23,9.82,9.07,9.82,9.07,140919,0.08269018743109151
2011-11-24,9.51,9.82,9.82,9.51,159519,0.031568228105906364
2011-11-25,10.13,9.51,10.13,9.51,107738,0.06519453207150379
2011-11-26,9.73,10.13,10.13,9.73,138017,0.03948667324777891
2011-11-27,9.87,9.73,9.87,9.73,188360,0.01438848920863297
2011-11-28,11.02,9.87,11.02,9.87,195189,0.11651469098277613
2011-11-29,11.23,11.02,11.23,11.02,134213,0.019056261343012783
2011-11-30,8.82,11.23,11.23,8.82,118106,0.21460373998219057
2011-12-01,9.54,8.82,9.54,8.82,110631,0.08163265306122436
2011-12-02,9.21,9.54,9.54,9.21,198456,0.034591194968553285
2011-12-03,11.22,9.21,11.22,9.21,107799,0.21824104234527683
2011-12-04,9.94,11.22,11.22,9.94,118643,0.1140819964349377
2011-12-05,11.45,9.94,11.45,9.94,177050,0.15191146881287726
2011-12-06,9.52,11.45,11.45,9.52,138313,0.16855895196506548
2011-12-07,10.03,9.52,10.03,9.52,149502,0.053571428571428555
2011-12-08,8.65,10.03,10.03,8.65,145037,0.13758723828514446
2011-12-09,11.3,8.65,11.3,8.65,126016,0.3063583815028902
2011-12-10,9.64,11.3,11.3,9.64,137518,0.14690265486725665
2011-12-11,8.51,9.64,9.64,8.51,181305,0.1172199170124482
2011-12-12,9.41,8.51,9.41,8.51,162861,0.10575793184488841
2011-12-13,7.7,9.41,9.41,7.7,128547,0.18172157279489903
2011-12-14,9.97,7.7,9.97,7.7,180349,0.29480519480519485
2011-12-15,10.11,9.97,10.11,9.97,133948,0.01404212637913729
2011-12-16,10.29,10.11,10.29,10.11,186780,0.017804154302670596
2011-12-17,11.5,10.29,11.5,10.29,155116,0.11758989310009728
2011-12-18,9.7,11.5,11.5,9.7,114466,0.15652173913043485
2011-12-19,10.81,9.7,10.81,9.7,156124,0.11443298969072178
2011-12-20,10.31,10.81,10.81,10.31,109787,0.04625346901017576
2011-12-21,9.81,10.31,10.31,9.81,143848,0.04849660523763336
2011-12-22,7.92,9.81,9.81,7.92,164680,0.19266055045871563
2011-12-23,10.95,7.92,10.95,7.92,159535,0.3825757575757575
2011-12-24,9.5,10.95,10.95,9.5,175761,0.13242009132420085
2011-12-25,10.02,9.5,10.02,9.5,133490,0.05473684210526311
2011-12-26,8.73,10.02,10.02,8.73,172614,0.1287425149700598
2011-12-27,10.28,8.73,10.28,8.73,181839,0.17754868270332175
2011-12-28,10.11,10.28,10.28,10.11,133980,0.01653696498054474
2011-12-29,10.03,10.11,10.11,10.03,176664,0.007912957467853617
2011-12-30,9.87,10.03,10.03,9.87,134916,0.01595214356929214
2011-12-31,11.05,9.87,11.05,9.87,149980,0.1195542046605878
2012-01-01,10.97,11.05,11.05,10.97,163408,0.007239819004524893
2012-01-02,10.73,10.97,10.97,10.73,179880,0.021877848678213328
2012-01-03,13.32,10.73,13.32,10.73,168949,0.24137931034482757
2012-01-04,9.4,13.32,13.32,9.4,157796,0.29429429429429427
2012-01-05,9.62,9.4,9.62,9.4,134025,0.023404255319148814
2012-01-06,8.99,9.62,9.62,8.99,117855,0.0654885654885654
2012-01-07,10.44,8.99,10.44,8.99,105046,0.16129032258064507
2012-01-08,9.31,10.44,10.44,9.31,195501,0.10823754789272022
2012-01-09,7.3,9.31,9.31,7.3,146653,0.21589688506981747
2012-01-10,8.79,7.3,8.79,7.3,125673,0.2041095890410958
2012-01-11,10.07,8.79,10.07,8.79,147306,0.1456200227531287
2012-01-12,11.01,10.07,11.01,10.07,122212,0.09334657398212508
2012-01-13,8.44,11.01,11.01,8.44,166539,0.2334241598546776
2012-01-14,9.39,8.44,9.39,8.44,140984,0.11255924170616127
2012-01-15,9.86,9.39,9.86,9.39,182977,0.05005324813631511
2012-01-16,9.27,9.86,9.86,9.27,188082,0.05983772819472616
2012-01-17,10.53,9.27,10.53,9.27,174062,0.13592233009708737
2012-01-18,10.0,10.53,10.53,10.0,119070,0.05033238366571694
2012-01-19,10.32,10.0,10.32,10.0,186830,0.03200000000000003
2012-01-20,9.27,10.32,10.32,9.27,152430,0.1017441860465117
2012-01-21,11.54,9.27,11.54,9.27,139907,0.2448759439050701
2012-01-22,10.0,11.54,11.54,10.0,194029,0.13344887348353546
2012-01-23,11.29,10.0,11.29,10.0,119336,0.12899999999999992
2012-01-24,9.56,11.29,11.29,9.56,157382,0.1532329495128431
2012-01-25,10.59,9.56,10.59,9.56,118993,0.10774058577405851
2012-01-26,9.32,10.59,10.59,9.32,167598,0.11992445703493858
2012-01-27,9.05,9.32,9.32,9.05,142541,0.02896995708154502
2012-01-28,9.3,9.05,9.3,9.05,155673,0.027624309392265192
2012-01-29,9.95,9.3,9.95,9.3,106263,0.06989247311827941
2012-01-30,9.78,9.95,9.95,9.78,159893,0.017085427135678385
2012-01-31,11.54,9.78,11.54,9.78,196077,0.17995910020449896
2012-02-01,8.85,11.54,11.54,8.85,144024,0.23310225303292892
2012-02-02,8.91,8.85,8.91,8.85,135994,0.006779661016949209
2012-02-03,11.7,8.91,11.7,8.91,178111,0.31313131313131304
2012-02-04,10.61,11.7,11.7,10.61,146010,0.09316239316239315
2012-02-05,8.12,10.61,10.61,8.12,118455,0.234684260131951
2012-02-06,10.5,8.12,10.5,8.12,137930,0.2931034482758622
2012-02-07,10.24,10.5,10.5,10.24,108557,0.024761904761904742
2012-02-08,7.86,10.24,10.24,7.86,144633,0.23242187499999997
2012-02-09,9.63,7.86,9.63,7.86,115569,0.22519083969465653
2012-02-10,9.98,9.63,9.98,9.63,110720,0.03634475597092415
2012-02-11,10.73,9.98,10.73,9.98,196410,0.0751503006012024
2012-02-12,10.95,10.73,10.95,10.73,128718,0.02050326188257212
2012-02-13,10.1,10.95,10.95,10.1,197901,0.07762557077625568
2012-02-14,11.03,10.1,11.03,10.1,154162,0.09207920792079205
2012-02-15,9.85,11.03,11.03,9.85,132024,0.10698096101541249
2012-02-16,9.14,9.85,9.85,9.14,153927,0.07208121827411158
2012-02-17,9.07,9.14,9.14,9.07,181355,0.007658643326039418
2012-02-18,10.54,9.07,10.54,9.07,191687,0.16207276736493922
2012-02-19,8.04,10.54,10.54,8.04,114470,0.23719165085388996
2012-02-20,10.68,8.04,10.68,8.04,159754,0.328358208955224
2012-02-21,8.89,10.68,10.68,8.89,106768,0.16760299625468159
2012-02-22,9.64,8.89,9.64,8.89,128711,0.0843644544431946
2012-02-23,10.51,9.64,10.51,9.64,126926,0.09024896265560158
2012-02-24,11.22,10.51,11.22,10.51,171445,0.06755470980019038
2012-02-25,8.06,11.22,11.22,8.06,104419,0.2816399286987522
2012-02-26,9.19,8.06,9.19,8.06,102121,0.14019851116625298
2012-02-27,10.05,9.19,10.05,9.19,113336,0.0935799782372145
2012-02-28,9.4,10.05,10.05,9.4,106176,0.06467661691542291
2012-02-29,10.86,9.4,10.86,9.4,177654,0.1553191489361701
2012-03-01,7.91,10.86,10.86,7.91,122465,0.2716390423572744
2012-03-02,10.36,7.91,10.36,7.91,155943,0.3097345132743362
2012-03-03,10.43,10.36,10.43,10.36,177187,0.006756756756756785
2012-03-04,10.05,10.43,10.43,10.05,104693,0.0364333652924256
2012-03-05,11.1,10.05,11.1,10.05,183038,0.10447761194029839
2012-03-06,8.77,11.1,11.1,8.77,158787,0.20990990990990993
2012-03-07,11.11,8.77,11.11,8.77,140721,0.2668187001140251
2012-03-08,9.3,11.11,11.11,9.3,127409,0.1629162916291628
2012-03-09,10.73,9.3,10.73,9.3,156759,0.153763440860215
2012-03-10,9.68,10.73,10.73,9.68,190795,0.09785647716682205
2012-03-11,10.81,9.68,10.81,9.68,153940,0.11673553719008273
2012-03-12,10.78,10.81,10.81,10.78,186297,0.0027752081406106507
2012-03-13,8.54,10.78,10.78,8.54,104199,0.20779220779220783
2012-03-14,9.85,8.54,9.85,8.54,136765,0.15339578454332561
2012-03-15,9.91,9.85,9.91,9.85,186707,0.0060913705583756856
2012-03-16,9.76,9.91,9.91,9.76,170723,0.015136226034308815
2012-03-17,9.24,9.76,9.76,9.24,123727,0.05327868852459012
2012-03-18,11.85,9.24,11.85,9.24,107672,0.2824675324675324
2012-03-19,10.21,11.85,11.85,10.21,141364,0.13839662447257375
2012-03-20,11.56,10.21,11.56,10.21,128799,0.1322233104799216
2012-03-21,9.43,11.56,11.56,9.43,199527,0.18425605536332185
2012-03-22,8.94,9.43,9.43,8.94,149615,0.05196182396606577
2012-03-23,10.13,8.94,10.13,8.94,179368,0.13310961968680105
2012-03-24,9.44,10.13,10.13,9.44,128055,0.06811451135241868
2012-03-25,12.39,9.44,12.39,9.44,172818,0.3125000000000001
2012-03-26,10.25,12.39,12.39,10.25,179804,0.17271993543179986
2012-03-27,11.15,10.25,11.15,10.25,137176,0.08780487804878052
2012-03-28,9.78,11.15,11.15,9.78,160553,0.12286995515695076
2012-03-29,9.67,9.78,9.78,9.67,130652,0.01124744376278113
2012-03-30,9.97,9.67,9.97,9.67,170465,0.031023784901758087
2012-03-31,10.36,9.97,10.36,9.97,165144,0.039117352056168384
2012-04-01,10.85,10.36,10.85,10.36,143893,0.04729729729729732
2012-04-02,9.88,10.85,10.85,9.88,126389,0.08940092165898607
2012-04-03,9.32,9.88,9.88,9.32,167341,0.05668016194331989
2012-04-04,8.93,9.32,9.32,8.93,124982,0.04184549356223182
2012-04-05,9.92,8.93,9.92,8.93,105915,0.11086226203807394
2012-04-06,10.57,9.92,10.57,9.92,184369,0.06552419354838714
2012-04-07,10.46,10.57,10.57,10.46,190595,0.010406811731314988
2012-04-08,9.98,10.46,10.46,9.98,101640,0.04588910133843216
2012-04-09,9.4,9.98,9.98,9.4,153518,0.05811623246492986
2012-04-10,10.15,9.4,10.15,9.4,178900,0.07978723404255318
2012-04-11,10.57,10.15,10.57,10.15,106041,0.04137931034482758
2012-04-12,9.96,10.57,10.57,9.96,103056,0.05771050141911063
2012-04-13,10.11,9.96,10.11,9.96,164751,0.015060240963855278
2012-04-14,9.85,10.11,10.11,9.85,171100,0.025717111770524215
2012-04-15,10.92,9.85,10.92,9.85,134131,0.10862944162436551
2012-04-16,9.56,10.92,10.92,9.56,195990,0.12454212454212449
2012-04-17,10.19,9.56,10.19,9.56,119161,0.06589958158995805
2012-04-18,10.39,10.19,10.39,10.19,180920,0.0196270853778215
2012-04-19,10.73,10.39,10.73,10.39,124045,0.03272377285851779
2012-04-20,11.5,10.73,11.5,10.73,119391,0.07176141658900276
2012-04-21,10.68,11.5,11.5,10.68,124204,0.07130434782608698
2012-04-22,10.6,10.68,10.68,10.6,143875,0.007490636704119857
2012-04-23,8.53,10.6,10.6,8.53,130746,0.19528301886792457
2012-04-24,10.61,8.53,10.61,8.53,196973,0.24384525205158267
2012-04-25,12.29,10.61,12.29,10.61,113593,0.15834118755890667
2012-04-26,9.17,12.29,12.29,9.17,131744,0.2538649308380797
2012-04-27,8.98,9.17,9.17,8.98,148534,0.02071973827699013
2012-04-28,9.79,8.98,9.79,8.98,174698,0.0902004454342983
2012-04-29,11.02,9.79,11.02,9.79,144711,0.125638406537283
2012-04-30,10.52,11.02,11.02,10.52,162411,0.045372050816696916
2012-05-01,9.52,10.52,10.52,9.52,141609,0.09505703422053233
2012-05-02,9.96,9.52,9.96,9.52,115843,0.04621848739495812
2012-05-03,11.04,9.96,11.04,9.96,172007,0.10843373493975886
2012-05-04,10.67,11.04,11.04,10.67,176469,0.03351449275362312
2012-05-05,12.43,10.67,12.43,10.67,155528,0.1649484536082474
2012-05-06,11.01,12.43,12.43,11.01,126178,0.11423974255832663
2012-05-07,10.35,11.01,11.01,10.35,183416,0.05994550408719347
2012-05-08,10.61,10.35,10.61,10.35,149410,0.025120772946859885
2012-05-09,9.65,10.61,10.61,9.65,194677,0.09048067860508946
2012-05-10,9.02,9.65,9.65,9.02,131869,0.06528497409326432
2012-05-11,10.17,9.02,10.17,9.02,141102,0.12749445676274948
2012-05-12,10.49,10.17,10.49,10.17,133037,0.031465093411996096
2012-05-13,8.6,10.49,10.49,8.6,122881,0.18017159199237373
2012-05-14,9.48,8.6,9.48,8.6,142621,0.10232558139534893
2012-05-15,9.63,9.48,9.63,9.48,170226,0.015822784810126618
2012-05-16,10.27,9.63,10.27,9.63,156214,0.06645898234683269
2012-05-17,9.74,10.27,10.27,9.74,151261,0.05160662122687433
2012-05-18,10.45,9.74,10.45,9.74,192665,0.0728952772073921
2012-05-19,10.1,10.45,10.45,10.1,143147,0.033492822966507144
2012-05-20,11.06,10.1,11.06,10.1,179004,0.09504950495049513
2012-05-21,8.29,11.06,11.06,8.29,181132,0.25045207956600374
2012-05-22,11.66,8.29,11.66,8.29,187980,0.4065138721351027
2012-05-23,11.42,11.66,11.66,11.42,155811,0.020583190394511168
2012-05-24,10.05,11.42,11.42,10.05,136605,0.11996497373029766
2012-05-25,10.65,10.05,10.65,10.05,138508,0.05970149253731339
2012-05-26,10.61,10.65,10.65,10.61,136955,0.0037558685446010256
2012-05-27,9.26,10.61,10.61,9.26,163200,0.12723845428840713
2012-05-28,10.16,9.26,10.16,9.26,149766,0.09719222462203028
2012-05-29,10.78,10.16,10.78,10.16,112402,0.061023622047244014
2012-05-30,10.31,10.78,10.78,10.31,171991,0.04359925788497207
2012-05-31,11.05,10.31,11.05,10.31,110793,0.0717749757516974
2012-06-01,10.09,11.05,11.05,10.09,121313,0.08687782805429871
2012-06-02,10.08,10.09,10.09,10.08,102225,0.0009910802775024566
2012-06-03,9.23,10.08,10.08,9.23,113653,0.08432539682539679
2012-06-04,9.64,9.23,9.64,9.23,162645,0.04442036836403035
2012-06-05,9.54,9.64,9.64,9.54,122509,0.010373443983402637
2012-06-06,11.71,9.54,11.71,9.54,163152,0.22746331236897294
2012-06-07,10.24,11.71,11.71,10.24,190624,0.12553373185311703
2012-06-08,9.0,10.24,10.24,9.0,129478,0.12109375000000001
2012-06-09,10.4,9.0,10.4,9.0,133543,0.15555555555555559
2012-06-10,9.81,10.4,10.4,9.81,106421,0.05673076923076922
2012-06-11,6.95,9.81,9.81,6.95,181669,0.2915392456676861
2012-06-12,10.48,6.95,10.48,6.95,150703,0.5079136690647482
2012-06-13,8.45,10.48,10.48,8.45,168215,0.193702290076336
2012-06-14,10.58,8.45,10.58,8.45,189936,0.25207100591715986
2012-06-15,9.04,10.58,10.58,9.04,147551,0.14555765595463147
2012-06-16,8.54,9.04,9.04,8.54,185495,0.05530973451327434
2012-06-17,10.49,8.54,10.49,8.54,194561,0.228337236533958
2012-06-18,8.51,10.49,10.49,8.51,195474,0.1887511916110582
2012-06-19,9.55,8.51,9.55,8.51,129342,0.12220916568742667
2012-06-20,10.2,9.55,10.2,9.55,128516,0.06806282722513074
2012-06-21,10.61,10.2,10.61,10.2,116544,0.040196078431372566
2012-06-22,10.74,10.61,10.74,10.61,167400,0.012252591894439283
2012-06-23,9.96,10.74,10.74,9.96,179532,0.07262569832402228
2012-06-24,9.17,9.96,9.96,9.17,186696,0.0793172690763053
2012-06-25,11.92,9.17,11.92,9.17,101688,0.2998909487459106
2012-06-26,9.39,11.92,11.92,9.39,128494,0.21224832214765096
2012-06-27,11.8,9.39,11.8,9.39,173667,0.2566560170394036
2012-06-28,9.55,11.8,11.8,9.55,139730,0.1906779661016949
2012-06-29,11.16,9.55,11.16,9.55,196944,0.1685863874345549
2012-06-30,11.07,11.16,11.16,11.07,161347,0.008064516129032246
2012-07-01,8.95,11.07,11.07,8.95,195091,0.19150858175248428
2012-07-02,10.36,8.95,10.36,8.95,191572,0.1575418994413408
2012-07-03,10.76,10.36,10.76,10.36,192447,0.038610038610038644
2012-07-04,10.7,10.76,10.76,10.7,190369,0.005576208178438708
2012-07-05,9.8,10.7,10.7,9.8,195680,0.08411214953271015
2012-07-06,10.3,9.8,10.3,9.8,187455,0.0510204081632653
2012-07-07,9.61,10.3,10.3,9.61,136623,0.06699029126213604
2012-07-08,8.83,9.61,9.61,8.83,127307,0.08116545265348589
2012-07-09,10.98,8.83,10.98,8.83,172980,0.24348810872027185
2012-07-10,9.44,10.98,10.98,9.44,177041,0.14025500910746821
2012-07-11,11.38,9.44,11.38,9.44,151711,0.20550847457627133
2012-07-12,10.6,11.38,11.38,10.6,115826,0.06854130052724088
2012-07-13,9.11,10.6,10.6,9.11,153661,0.14056603773584908
2012-07-14,9.84,9.11,9.84,9.11,171800,0.08013172338090016
2012-07-15,9.71,9.84,9.84,9.71,171834,0.013211382113821037
2012-07-16,9.13,9.71,9.71,9.13,147482,0.05973223480947477
2012-07-17,10.5,9.13,10.5,9.13,111911,0.15005476451259575
2012-07-18,9.52,10.5,10.5,9.52,103252,0.09333333333333338
2012-07-19,11.63,9.52,11.63,9.52,107804,0.221638655462185
2012-07-20,10.86,11.63,11.63,10.86,157877,0.06620808254514199
2012-07-21,9.12,10.86,10.86,9.12,105203,0.16022099447513816
2012-07-22,9.98,9.12,9.98,9.12,183279,0.09429824561403523
2012-07-23,9.77,9.98,9.98,9.77,190558,0.021042084168336757
2012-07-24,8.44,9.77,9.77,8.44,159205,0.1361310133060389
2012-07-25,10.93,8.44,10.93,8.44,177763,0.2950236966824645
2012-07-26,10.95,10.93,10.95,10.93,174238,0.0018298261665141422
2012-07-27,10.93,10.95,10.95,10.93,102824,0.0018264840182648013
2012-07-28,9.54,10.93,10.93,9.54,158824,0.12717291857273563
2012-07-29,11.07,9.54,11.07,9.54,133771,0.16037735849056617
2012-07-30,9.79,11.07,11.07,9.79,127259,0.11562782294489622
2012-07-31,10.94,9.79,10.94,9.79,159999,0.11746680286006134
2012-08-01,11.81,10.94,11.81,10.94,168569,0.07952468007312624
2012-08-02,10.14,11.81,11.81,10.14,110316,0.1414055884843353
2012-08-03,8.58,10.14,10.14,8.58,101722,0.15384615384615388
2012-08-04,9.68,8.58,9.68,8.58,175588,0.12820512820512817
2012-08-05,10.64,9.68,10.64,9.68,148186,0.09917355371900835
2012-08-06,11.22,10.64,11.22,10.64,150641,0.054511278195488726
2012-08-07,8.87,11.22,11.22,8.87,171615,0.20944741532976838
2012-08-08,9.81,8.87,9.81,8.87,114644,0.10597519729425044
2012-08-09,10.23,9.81,10.23,9.81,172485,0.042813455657492346
2012-08-10,10.43,10.23,10.43,10.23,189135,0.019550342130987223
2012-08-11,10.91,10.43,10.91,10.43,166483,0.046021093000958815
2012-08-12,9.05,10.91,10.91,9.05,148919,0.17048579285059573
2012-08-13,9.58,9.05,9.58,9.05,111974,0.058563535911602134
2012-08-14,11.01,9.58,11.01,9.58,135584,0.14926931106471814
2012-08-15,10.39,11.01,11.01,10.39,134711,0.05631244323342409
2012-08-16,10.45,10.39,10.45,10.39,167817,0.005774783445620666
2012-08-17,11.13,10.45,11.13,10.45,102454,0.06507177033492838
2012-08-18,10.1,11.13,11.13,10.1,145627,0.09254267744833793
2012-08-19,10.53,10.1,10.53,10.1,153768,0.04257425742574255
2012-08-20,9.69,10.53,10.53,9.69,144290,0.07977207977207976
2012-08-21,8.65,9.69,9.69,8.65,157475,0.10732714138286885
2012-08-22,8.7,8.65,8.7,8.65,190597,0.005780346820809125
2012-08-23,10.07,8.7,10.07,8.7,137234,0.15747126436781622
2012-08-24,9.8,10.07,10.07,9.8,171822,0.02681231380337632
2012-08-25,9.35,9.8,9.8,9.35,197359,0.04591836734693888
2012-08-26,10.32,9.35,10.32,9.35,106851,0.10374331550802146
2012-08-27,9.11,10.32,10.32,9.11,181233,0.11724806201550396
2012-08-28,10.11,9.11,10.11,9.11,108128,0.10976948408342481
2012-08-29,9.98,10.11,10.11,9.98,151178,0.012858555885262019
2012-08-30,9.16,9.98,9.98,9.16,151628,0.08216432865731466
2012-08-31,7.7,9.16,9.16,7.7,118082,0.1593886462882096
2012-09-01,11.46,7.7,11.46,7.7,128750,0.48831168831168836
2012-09-02,10.32,11.46,11.46,10.32,161291,0.09947643979057595
2012-09-03,7.34,10.32,10.32,7.34,118860,0.28875968992248063
2012-09-04,9.57,7.34,9.57,7.34,180188,0.3038147138964578
2012-09-05,10.39,9.57,10.39,9.57,159971,0.08568443051201674
2012-09-06,9.77,10.39,10.39,9.77,117578,0.059672762271414916
2012-09-07,10.58,9.77,10.58,9.77,143414,0.08290685772773802
2012-09-08,9.03,10.58,10.58,9.03,161097,0.14650283553875243
2012-09-09,10.18,9.03,10.18,9.03,191332,0.12735326688815066
2012-09-10,9.95,10.18,10.18,9.95,160524,0.02259332023575643
2012-09-11,9.82,9.95,9.95,9.82,197639,0.01306532663316573
2012-09-12,9.78,9.82,9.82,9.78,127513,0.004073319755600909
2012-09-13,10.2,9.78,10.2,9.78,186183,0.042944785276073615
2012-09-14,10.93,10.2,10.93,10.2,150896,0.07156862745098044
2012-09-15,9.47,10.93,10.93,9.47,199139,0.13357731015553514
2012-09-16,9.59,9.47,9.59,9.47,127133,0.012671594508975629
2012-09-17,10.16,9.59,10.16,9.59,138370,0.05943691345151202
2012-09-18,9.88,10.16,10.16,9.88,139974,0.027559055118110173
2012-09-19,10.39,9.88,10.39,9.88,128363,0.05161943319838054
2012-09-20,10.72,10.39,10.72,10.39,102035,0.03176130895091435
2012-09-21,11.29,10.72,11.29,10.72,187813,0.05317164179104463
2012-09-22,9.88,11.29,11.29,9.88,122901,0.12488928255092989
2012-09-23,7.72,9.88,9.88,7.72,189692,0.2186234817813766
2012-09-24,9.93,7.72,9.93,7.72,165430,0.2862694300518135
2012-09-25,10.35,9.93,10.35,9.93,140743,0.042296072507552865
2012-09-26,9.81,10.35,10.35,9.81,124649,0.05217391304347818
