,name,start_date
SC0001,石墨烯,2016-07-31
SC0002,阿里,2016-07-31
SC0003,腾讯,2017-12-26
SC0004,百度,2018-06-11
SC0005,华为,2018-12-24
SC0006,今日头条,2020-04-16
SC0007,拼多多,2020-11-05
SC0008,安防,2016-07-31
SC0009,车联网,2016-07-31
SC0010,互联网金融,2016-08-09
SC0011,网络游戏,2016-07-31
SC0012,物联网,2016-07-31
SC0013,在线教育,2016-07-31
SC0014,工业互联网,2018-02-12
SC0015,电力物联网,2019-03-12
SC0016,数据中心,2020-03-18
SC0017,超级电容,2016-07-31
SC0018,节能照明,2016-07-31
SC0019,苹果,2016-07-31
SC0020,汽车电子,2016-07-31
SC0021,区块链,2016-07-31
SC0022,人工智能,2016-07-31
SC0023,无人驾驶,2016-07-31
SC0024,虚拟现实,2016-07-31
SC0025,移动支付,2016-07-31
SC0026,无线充电,2016-08-12
SC0027,微信小程序,2017-01-09
SC0028,无人零售,2017-07-05
SC0029,人脸识别,2017-08-17
SC0030,小米,2018-01-19
SC0031,富士康,2018-02-12
SC0032,独角兽,2021-10-22
SC0033,边缘计算,2019-03-05
SC0034,数字货币,2019-09-25
SC0035,网约车,2016-10-12
SC0036,跨境电商,2016-07-31
SC0037,冷链物流,2016-07-31
SC0038,共享单车,2016-12-19
SC0039,新零售,2017-06-02
SC0040,免税店,2020-06-01
SC0041,社区团购,2020-11-30
SC0042,充电桩,2016-07-31
SC0043,锂电池,2016-07-31
SC0044,特斯拉,2016-07-31
SC0045,宁德时代,2018-03-09
SC0046,3D打印,2016-07-31
SC0047,5G,2016-07-31
SC0048,OLED,2016-07-31
SC0049,大飞机,2016-07-31
SC0050,大数据,2016-07-31
SC0051,芯片,2016-07-31
SC0052,国产软件,2016-07-31
SC0053,机器人,2016-07-31
SC0054,基因测序,2016-07-31
SC0055,集成电路,2016-07-31
SC0056,燃料电池,2016-07-31
SC0057,网络安全,2016-07-31
SC0058,无人机,2016-07-31
SC0059,医疗器械,2016-07-31
SC0060,云计算,2016-07-31
SC0061,国产操作系统,2019-05-22
SC0062,胎压监测,2019-12-06
SC0063,MiniLED,2019-12-17
SC0064,中芯国际,2020-07-06
SC0065,智慧城市,2016-07-31
SC0066,智能穿戴,2016-07-31
SC0067,智能电网,2016-07-31
SC0068,智能家居,2016-07-31
SC0069,智能医疗,2016-07-31
SC0070,智能音箱,2017-11-20
SC0071,智能交通,2017-11-20
SC0072,语音技术,2017-11-20
SC0073,数字孪生,2019-03-19
SC0074,ETC,2019-07-05
SC0075,无线耳机,2019-11-04
SC0076,参股券商,2016-07-31
SC0077,蚂蚁金服,2016-10-12
SC0078,禽流感,2016-07-31
SC0079,生物疫苗,2016-07-31
SC0080,超级真菌,2019-04-10
SC0081,食品安全,2016-07-31
SC0082,杭州亚运会,2016-07-31
SC0083,PM2.5,2016-07-31
SC0084,风电,2016-07-31
SC0085,固废处理,2016-07-31
SC0086,光伏,2016-07-31
SC0087,节能环保,2016-07-31
SC0088,污水处理,2016-07-31
SC0089,垃圾分类,2019-06-21
SC0090,碳中和,2021-03-02
SC0091,装配式建筑,2017-09-27
SC0092,文化传媒,2016-07-31
SC0093,快手,2020-11-03
SC0094,创投,2016-07-31
SC0095,一带一路,2016-07-31
SC0096,知识产权保护,2018-04-10
SC0097,上海国资改革,2016-07-31
SC0098,深圳国资改革,2016-07-31
SC0099,工业4.0,2016-07-31
SC0100,海工装备,2016-07-31
SC0101,军工,2016-07-31
SC0102,通用航空,2016-07-31
SC0103,军民融合,2017-03-02
SC0104,沪股通,2016-07-31
SC0105,深股通,2016-07-31
SC0106,地下管网,2016-07-31
SC0107,高铁,2016-07-31
SC0108,特高压,2016-07-31
SC0109,家用电器,2016-07-31
SC0110,职业教育,2016-07-31
SC0111,供应链金融,2016-07-31
SC0112,新疆振兴,2016-07-31
SC0113,民营医院,2016-07-31
SC0114,核电,2016-07-31
SC0115,可燃冰,2017-05-18
SC0116,燃料乙醇,2017-09-14
SC0117,京津冀一体化,2016-07-31
SC0118,雄安新区,2017-04-05
SC0119,特色小镇,2017-06-02
SC0120,长三角一体化,2019-05-14
SC0121,三胎,2021-06-01
SC0122,农村电商,2016-07-31
SC0123,农机,2016-07-31
SC0124,生态农业,2016-07-31
SC0125,土地流转,2016-07-31
SC0126,乡村振兴,2018-02-05
SC0127,电子竞技,2016-10-12
SC0128,体育产业,2016-07-31
SC0129,足球,2016-07-31
SC0130,氟化工,2021-10-22
SC0131,新材料,2016-07-31
SC0132,养老,2016-07-31
SC0133,健康中国,2016-07-31
SC0134,生物医药,2016-07-31
SC0135,医药电商,2016-07-31
SC0136,青蒿素,2019-06-18
SC0137,眼科医疗,2019-11-25
SC0138,口罩,2020-01-20
SC0139,辅助生殖,2021-04-27
SC0140,天然气,2016-07-31
SC0141,页岩气,2016-07-31
SC0142,煤化工,2016-07-31
SC0143,特钢,2016-07-31
SC0144,稀缺资源,2016-07-31
SC0145,稀土永磁,2016-08-09
SC0146,福建自贸区,2016-07-31
SC0147,上海自贸区,2016-07-31
SC0148,天津自贸区,2016-07-31
SC0149,自由贸易港,2017-10-20
SC0150,债转股,2016-10-13
SC0151,养鸡,2016-08-09
SC0152,猪肉,2016-08-09
SC0153,工业大麻,2019-02-21
SC0154,人造肉,2019-05-06
SC0155,烟草,2019-06-14
SC0156,农业种植,2019-11-25
SC0157,转基因,2020-01-06
SC0158,电子烟,2021-10-22
SC0159,白酒,2016-08-23
SC0160,乳业,2016-08-23
SC0161,啤酒,2018-01-12
SC0162,煤炭,2020-12-18
SC0163,黄金,2016-08-09
SC0164,钴,2017-02-22
SC0165,盐湖提锂,2021-05-20
SC0166,草甘膦,2016-08-09
SC0167,钛白粉,2016-08-09
SC0168,石墨电极,2017-12-08
SC0169,磷化工,2019-07-12
SC0170,可降解塑料,2020-08-04
SC0171,水泥,2018-01-08
SC0172,航运,2020-03-17
SC0173,柔性屏,2019-02-13
SC0174,第三代半导体,2020-09-07
SC0175,证金持股,2016-07-31
SC0176,期货,2016-07-31
SC0177,信托,2019-03-01
SC0178,高送转,2016-07-31
SC0179,举牌,2016-07-31
SC0180,壳资源,2016-07-31
SC0181,融资融券,2016-07-31
SC0182,新股与次新股,2017-05-15
SC0183,参股新三板,2016-07-31
SC0184,股权转让,2016-09-29
SC0185,摘帽,2017-11-29
SC0186,MSCI,2017-06-21
SC0187,超级品牌,2017-10-30
SC0188,创业板重组松绑,2020-02-17
SC0189,油品升级,2016-07-31
SC0190,中韩自贸区,2016-10-12
SC0191,O2O概念,2016-07-31
SC0192,物流电商平台,2016-07-31
SC0193,东盟自贸区,2016-07-31
SC0194,移动互联网,2016-07-31
SC0195,电力改革,2016-07-31
SC0196,量子通信,2016-07-31
SC0197,互联网+,2016-08-09
SC0198,新型城镇化,2016-07-31
SC0199,两桶油改革,2016-07-31
SC0200,P2P概念,2016-07-31
SC0201,粤港澳自贸区,2016-10-12
SC0202,振兴东北,2016-07-31
SC0203,太阳能,2016-07-31
SC0204,分散染料,2016-10-09
SC0205,建筑节能,2016-07-31
SC0206,美丽中国,2016-07-31
SC0207,参股民营银行,2016-07-31
SC0208,电子信息,2016-10-12
SC0209,电子发票,2016-07-31
SC0210,西安自贸区,2016-07-31
SC0211,宽带中国,2016-07-31
SC0212,生物质能,2016-07-31
SC0213,高校,2016-07-31
SC0214,LED,2016-07-31
SC0215,蓝宝石,2016-07-31
SC0216,新能源,2016-07-31
SC0217,高端装备,2016-07-31
SC0218,尾气治理,2016-07-31
SC0219,转融券标的,2016-07-31
SC0220,能源互联网,2016-07-31
SC0221,迪士尼,2016-07-31
SC0222,金融IC,2016-07-31
SC0223,钠离子电池,2021-09-16
SC0224,专精特新,2021-09-16
SC0225,国家大基金持股,2021-09-16
SC0226,华为海思概念,2021-09-16
SC0227,元宇宙,2021-09-16
SC0228,环氧丙烷,2021-09-16
SC0229,工业母机,2021-09-16
SC0230,送转填权,2021-09-16
SC0231,赛马概念,2021-09-16
SC0232,储能,2021-09-16
SC0233,培育钻石,2021-10-15
SC0234,绿色电力,2021-10-25
SC0235,换电概念,2021-12-06
SC0236,传感器,2021-12-10
SC0237,预制菜,2022-01-04
SC0238,新冠检测,2022-01-04
SC0239,虚拟数字人,2022-01-07
