,display_name,name,start_date,end_date,type
159001.XSHE,货币ETF,BZJ,2014-10-20,2200-01-01,etf
159003.XSHE,招商快线ETF,ZSKX,2014-10-20,2200-01-01,etf
159005.XSHE,汇添富快钱ETF,TFKQ,2015-01-13,2200-01-01,etf
159601.XSHE,A50ETF,A50ETF,2021-11-08,2200-01-01,etf
159602.XSHE,中国A50ETF,ZGA50ETF,2021-11-08,2200-01-01,etf
159605.XSHE,中概互联ETF,ZGHLETF,2021-12-02,2200-01-01,etf
159606.XSHE,中证500成长ETF,ZZ500CZETF,2021-12-29,2200-01-01,etf
159607.XSHE,中概互联网ETF,ZGHLWETF,2021-12-02,2200-01-01,etf
159608.XSHE,稀有金属ETF,XYJSETF,2021-12-23,2200-01-01,etf
159610.XSHE,500ETF增强,500ETFZQ,2022-01-10,2200-01-01,etf
159611.XSHE,电力ETF,DLETF,2022-01-07,2200-01-01,etf
159613.XSHE,信息安全ETF,XXAQETF,2022-01-27,2200-01-01,etf
159701.XSHE,物联网ETF招商,WLWETFZS,2021-12-23,2200-01-01,etf
159702.XSHE,AIETF,AIETF,2021-05-18,2200-01-01,etf
159703.XSHE,新材料ETF,XCL,2021-06-08,2200-01-01,etf
159706.XSHE,深证100ETF华安,SZ100ETFHA,2021-12-20,2200-01-01,etf
159707.XSHE,地产ETF,DCETF,2021-11-12,2200-01-01,etf
159708.XSHE,红利ETF,HLETF,2021-07-02,2200-01-01,etf
159709.XSHE,物联网ETF工银,WLJJ,2021-07-02,2200-01-01,etf
159710.XSHE,智能电车ETF,ZNDC,2021-08-09,2200-01-01,etf
159711.XSHE,港股通ETF,GGTETF,2021-12-28,2200-01-01,etf
159712.XSHE,港股通50ETF,GGT50ETF,2021-11-11,2200-01-01,etf
159713.XSHE,稀土ETF,XTETF,2021-08-16,2200-01-01,etf
159715.XSHE,稀土ETF易方达,XTETFYFD,2021-09-10,2200-01-01,etf
159716.XSHE,深创100ETF,SC100,2021-06-28,2200-01-01,etf
159717.XSHE,ESGETF,ESG300ETF,2021-09-29,2200-01-01,etf
159718.XSHE,港股医药ETF,GGYYETF,2021-12-28,2200-01-01,etf
159719.XSHE,开放共赢ETF,KFGYETF,2021-12-28,2200-01-01,etf
159720.XSHE,智能电动车ETF,ZNCTK,2021-07-20,2200-01-01,etf
159721.XSHE,深创龙头ETF,SCETF,2021-06-25,2200-01-01,etf
159723.XSHE,科技龙头ETF,KJLTETF,2021-10-15,2200-01-01,etf
159725.XSHE,线上消费ETF,XSXF,2021-07-02,2200-01-01,etf
159726.XSHE,恒生红利ETF,HSHLETF,2021-11-23,2200-01-01,etf
159728.XSHE,在线消费ETF,ZXXFETF,2022-01-11,2200-01-01,etf
159729.XSHE,互联网ETF,HLETF,2021-07-21,2200-01-01,etf
159730.XSHE,家电ETF基金,JDETFJJ,2021-12-24,2200-01-01,etf
159731.XSHE,石化ETF,SHETF,2021-12-10,2200-01-01,etf
159732.XSHE,消费电子ETF,XFDZ,2021-08-23,2200-01-01,etf
159733.XSHE,消费电子50ETF,XFDZ50ETF,2021-09-29,2200-01-01,etf
159735.XSHE,港股消费ETF,GGXF,2021-06-04,2200-01-01,etf
159736.XSHE,饮食ETF,YSETF,2021-09-27,2200-01-01,etf
159738.XSHE,沪港深云计算ETF,HGSYJSETF,2022-01-28,2200-01-01,etf
159739.XSHE,大数据ETF,DSJETF,2021-11-17,2200-01-01,etf
159740.XSHE,恒生科技ETF,HSKJ,2021-05-27,2200-01-01,etf
159741.XSHE,恒生科技ETF基金,GGKJ,2021-06-03,2200-01-01,etf
159742.XSHE,恒生科技指数ETF,HZKJ,2021-05-25,2200-01-01,etf
159743.XSHE,湖北ETF,HBETF,2022-01-11,2200-01-01,etf
159745.XSHE,建材ETF,JCETF,2021-06-18,2200-01-01,etf
159747.XSHE,香港科技ETF,XGKJ,2021-07-14,2200-01-01,etf
159748.XSHE,沪港深创新药ETF,HGSCXYETF,2021-12-03,2200-01-01,etf
159750.XSHE,香港科技50ETF,XGKJ50ETF,2022-02-14,2200-01-01,etf
159751.XSHE,港股科技ETF,GGKJETF,2021-12-28,2200-01-01,etf
159752.XSHE,新能源龙头ETF,XNY50,2021-07-28,2200-01-01,etf
159755.XSHE,电池ETF,DCETF,2021-06-24,2200-01-01,etf
159757.XSHE,电池30ETF,DC50,2021-08-09,2200-01-01,etf
159758.XSHE,红利50ETF,HL50ETF,2021-12-28,2200-01-01,etf
159760.XSHE,公共卫生健康ETF,GGWSJKETF,2021-12-20,2200-01-01,etf
159761.XSHE,新材料50ETF,XCL50ETF,2021-12-13,2200-01-01,etf
159763.XSHE,新材料ETF基金,XCLETFJJ,2021-09-13,2200-01-01,etf
159766.XSHE,旅游ETF,LYETF,2021-07-23,2200-01-01,etf
159767.XSHE,电池龙头ETF,DCLT,2021-08-23,2200-01-01,etf
159770.XSHE,机器人ETF,JQRETF,2021-11-08,2200-01-01,etf
159773.XSHE,创科技ETF,CKJETF,2021-10-08,2200-01-01,etf
159775.XSHE,新能源车电池ETF,XNYCDCETF,2022-01-24,2200-01-01,etf
159777.XSHE,创科技ETF基金,CKJETFJJ,2021-10-18,2200-01-01,etf
159779.XSHE,消费电子ETF招商,XFDZETFZS,2021-11-26,2200-01-01,etf
159780.XSHE,双创ETF,SCETF,2021-07-05,2200-01-01,etf
159781.XSHE,双创50ETF,KCCY,2021-07-05,2200-01-01,etf
159782.XSHE,双创50ETF基金,SC50,2021-07-07,2200-01-01,etf
159783.XSHE,双创基金ETF,SCJJ,2021-07-05,2200-01-01,etf
159786.XSHE,VRETF,VRETF,2021-08-06,2200-01-01,etf
159789.XSHE,饮料ETF,YLETF,2021-12-20,2200-01-01,etf
159790.XSHE,碳中和ETF,TZH,2021-08-06,2200-01-01,etf
159792.XSHE,港股通互联网ETF,GGTHLWETF,2021-09-28,2200-01-01,etf
159793.XSHE,线上消费ETF平安,XSXFETFPA,2021-11-24,2200-01-01,etf
159795.XSHE,智能车ETF基金,ZNCETFJJ,2022-02-14,2200-01-01,etf
159801.XSHE,芯片龙头ETF,XPJJ,2020-02-18,2200-01-01,etf
159802.XSHE,800ETF,800ETF,2020-05-15,2020-09-22,etf
159803.XSHE,浙江新动能ETF,ZJETF,2020-05-26,2021-09-27,etf
159804.XSHE,创中盘88ETF,CJX88,2020-03-31,2200-01-01,etf
159805.XSHE,传媒ETF,CMETF,2020-04-17,2200-01-01,etf
159806.XSHE,新能源车ETF,XNC,2020-03-20,2200-01-01,etf
159807.XSHE,科技ETF,KJETF,2020-03-30,2200-01-01,etf
159808.XSHE,创业板ETF融通,CYBRT,2020-09-04,2200-01-01,etf
159809.XSHE,大湾区ETF基金,HSWQ,2020-05-21,2021-10-20,etf
159810.XSHE,浦银创业板ETF,PYCY,2020-07-10,2200-01-01,etf
159811.XSHE,5G50ETF,5G50ETF,2020-04-22,2200-01-01,etf
159812.XSHE,黄金基金ETF,HJJJ,2020-05-29,2200-01-01,etf
159813.XSHE,半导体ETF,XP,2020-05-25,2200-01-01,etf
159814.XSHE,创业大盘ETF,CYDP,2020-07-17,2200-01-01,etf
159815.XSHE,浙江100ETF,ZJ100,2020-08-18,2200-01-01,etf
159816.XSHE,0-4地债ETF,0-4DZ,2020-09-04,2200-01-01,etf
159819.XSHE,人工智能ETF,AIZN,2020-09-23,2200-01-01,etf
159820.XSHE,中证500ETF天弘,500ETFJ,2020-08-24,2200-01-01,etf
159821.XSHE,BOCI创业板ETF,BOCICY,2020-10-29,2200-01-01,etf
159822.XSHE,新经济ETF,XJJ,2020-10-23,2200-01-01,etf
159823.XSHE,H股ETF基金,HG50ETF,2020-10-23,2200-01-01,etf
159824.XSHE,新能车ETF,XNQC,2021-01-11,2200-01-01,etf
159825.XSHE,农业ETF,NYETF,2020-12-29,2200-01-01,etf
159827.XSHE,农业50ETF,NY50,2020-12-18,2200-01-01,etf
159828.XSHE,医疗ETF,YLETF,2021-01-12,2200-01-01,etf
159830.XSHE,上海金ETF,SHJ,2021-07-19,2200-01-01,etf
159835.XSHE,创新药50ETF,CXYY,2021-03-29,2200-01-01,etf
159836.XSHE,创300ETF,C300ETF,2021-05-25,2200-01-01,etf
159837.XSHE,生物科技ETF,SWKJ,2021-01-27,2200-01-01,etf
159838.XSHE,医药ETF基金,YY50,2021-07-30,2200-01-01,etf
159839.XSHE,生物药ETF,SWY,2021-02-22,2200-01-01,etf
159840.XSHE,锂电池ETF,LDC50,2021-08-20,2200-01-01,etf
159841.XSHE,证券ETF,ZQETF,2021-02-09,2200-01-01,etf
159842.XSHE,券商ETF,QSETF,2021-03-19,2200-01-01,etf
159843.XSHE,食品饮料ETF,SPYL,2021-02-05,2200-01-01,etf
159845.XSHE,中证1000ETF,ZZ1000,2021-03-31,2200-01-01,etf
159846.XSHE,中证1000ETF基金,1000ETF,2021-08-16,2022-01-04,etf
159847.XSHE,医疗50ETF,ZZYL,2021-07-19,2200-01-01,etf
159848.XSHE,证券ETF基金,ZQGS,2021-03-12,2200-01-01,etf
159849.XSHE,生物科技ETF招商,SWETF,2021-03-02,2200-01-01,etf
159850.XSHE,恒生国企ETF,HG50,2021-02-19,2200-01-01,etf
159851.XSHE,金融科技ETF,JKETF,2021-03-19,2200-01-01,etf
159852.XSHE,软件ETF,RJETF,2021-02-09,2200-01-01,etf
159853.XSHE,科技100ETF,KJETF,2021-10-15,2200-01-01,etf
159855.XSHE,影视ETF,YSETF,2021-02-26,2200-01-01,etf
159856.XSHE,互联网龙头ETF,HLW50,2021-02-01,2200-01-01,etf
159857.XSHE,光伏ETF,GFETF,2021-02-24,2200-01-01,etf
159858.XSHE,创新药指ETF,CXYZ,2021-03-25,2200-01-01,etf
159859.XSHE,生物医药ETF,SWY30,2021-07-07,2200-01-01,etf
159861.XSHE,碳中和50ETF,HBETF,2021-04-02,2200-01-01,etf
159862.XSHE,食品ETF,SPETF,2021-11-08,2200-01-01,etf
159863.XSHE,光伏ETF基金,GFCY,2021-03-11,2200-01-01,etf
159864.XSHE,光伏50ETF,GF50,2021-08-10,2200-01-01,etf
159865.XSHE,养殖ETF,YZETF,2021-03-08,2200-01-01,etf
159866.XSHE,日经ETF,RJETF,2021-04-08,2200-01-01,etf
159867.XSHE,畜牧ETF,XMETF,2021-03-05,2200-01-01,etf
159869.XSHE,游戏ETF,YXETF,2021-03-05,2200-01-01,etf
159870.XSHE,化工ETF,HGETF,2021-03-03,2200-01-01,etf
159871.XSHE,有色金属ETF,YSJS,2021-03-31,2200-01-01,etf
159872.XSHE,车联网ETF,CLW,2021-07-01,2200-01-01,etf
159873.XSHE,医疗设备ETF,YLSB,2021-03-29,2200-01-01,etf
159875.XSHE,新能源ETF,XNY,2021-08-17,2200-01-01,etf
159876.XSHE,有色龙头ETF,YS,2021-03-24,2200-01-01,etf
159877.XSHE,医疗产业ETF,YLCYETF,2021-11-03,2200-01-01,etf
159880.XSHE,有色ETF基金,YS50,2021-03-25,2200-01-01,etf
159881.XSHE,有色60ETF,YS60,2021-07-01,2200-01-01,etf
159883.XSHE,医疗器械ETF,YLQX,2021-04-30,2200-01-01,etf
159885.XSHE,碳中和ETF基金,DTETF,2021-04-14,2200-01-01,etf
159886.XSHE,机械ETF,JXETF,2021-04-28,2200-01-01,etf
159887.XSHE,银行ETF,YHETF,2021-05-20,2200-01-01,etf
159888.XSHE,智能车ETF,ZNC,2021-05-21,2200-01-01,etf
159889.XSHE,智能汽车ETF,ZNQCETF,2021-09-09,2200-01-01,etf
159890.XSHE,云计算ETF,YETF,2021-04-02,2200-01-01,etf
159891.XSHE,医疗ETF基金,YL,2021-06-15,2200-01-01,etf
159892.XSHE,恒生生物科技ETF,HSSWKJETF,2021-10-19,2200-01-01,etf
159895.XSHE,物联网50ETF,WLW50ETF,2021-10-21,2200-01-01,etf
159896.XSHE,物联网龙头ETF,WLWLTETF,2021-11-24,2200-01-01,etf
159897.XSHE,物联网ETF基金,WLETF,2021-06-21,2200-01-01,etf
159898.XSHE,医疗器械ETF招商,QXETF,2021-06-04,2200-01-01,etf
159899.XSHE,软件基金ETF,RJJJ,2021-06-28,2200-01-01,etf
159901.XSHE,深证100ETF易方达,S100ETF,2006-04-24,2200-01-01,etf
159902.XSHE,中小100ETF,ZXB,2006-09-05,2200-01-01,etf
159903.XSHE,深成ETF,SCETF,2010-02-02,2200-01-01,etf
159905.XSHE,深红利ETF,SHL,2011-01-11,2200-01-01,etf
159906.XSHE,深成长龙头ETF,SCZ,2011-02-23,2200-01-01,etf
159907.XSHE,中小300ETF,ZX300,2011-08-10,2200-01-01,etf
159908.XSHE,创业板ETF博时,SF200,2011-07-13,2200-01-01,etf
159909.XSHE,TMT50ETF,STMT,2011-09-01,2200-01-01,etf
159910.XSHE,基本面120ETF,SF120,2011-09-27,2200-01-01,etf
159911.XSHE,民营ETF,MYETF,2011-10-14,2020-06-18,etf
159912.XSHE,深300ETF,S300ETF,2011-11-24,2200-01-01,etf
159913.XSHE,深价值ETF,SJZ,2011-10-25,2200-01-01,etf
159915.XSHE,创业板ETF易方达,CYB,2011-12-09,2200-01-01,etf
159916.XSHE,深F60ETF,SF60,2011-10-24,2200-01-01,etf
159918.XSHE,中创400ETF,ZC400,2012-05-11,2200-01-01,etf
159919.XSHE,沪深300ETF,300ETF,2012-05-28,2200-01-01,etf
159920.XSHE,恒生ETF,HSETF,2012-10-22,2200-01-01,etf
159921.XSHE,中小等权,ZXDQ,2013-01-31,2017-11-07,etf
159922.XSHE,中证500ETF嘉实,500ETF,2013-03-15,2200-01-01,etf
159923.XSHE,中证100ETF,100ETF,2013-03-05,2200-01-01,etf
159924.XSHE,300等权,300DQ,2013-06-05,2018-03-19,etf
159925.XSHE,沪深300ETF南方,NF300,2013-04-11,2200-01-01,etf
159926.XSHE,国债ETF,GZETF,2013-08-05,2200-01-01,etf
159927.XSHE,A300ETF,A300ETF,2013-08-16,2018-02-13,etf
159928.XSHE,消费ETF,XFETF,2013-09-16,2200-01-01,etf
159929.XSHE,医药ETF,YYETF,2013-09-16,2200-01-01,etf
159930.XSHE,能源ETF,NYETF,2013-09-16,2200-01-01,etf
159931.XSHE,金融ETF,JRETF,2013-09-16,2200-01-01,etf
159932.XSHE,中证500深ETF,500SETF,2013-10-21,2200-01-01,etf
159933.XSHE,国投金融地产ETF,JDETF,2013-10-16,2200-01-01,etf
159934.XSHE,黄金ETF,HJETF,2013-12-16,2200-01-01,etf
159935.XSHE,景顺中证500ETF,JS500,2014-01-21,2200-01-01,etf
159936.XSHE,可选消费ETF,KXXF,2014-06-25,2200-01-01,etf
159937.XSHE,黄金ETF基金,BSHJ,2014-09-01,2200-01-01,etf
159938.XSHE,医药卫生ETF,GFYY,2015-01-08,2200-01-01,etf
159939.XSHE,信息技术ETF,XXJS,2015-02-05,2200-01-01,etf
159940.XSHE,金融ETF基金,QZJR,2015-04-17,2200-01-01,etf
159941.XSHE,纳指ETF,NZ100,2015-07-13,2200-01-01,etf
159942.XSHE,中创100,ZC100,2015-06-25,2018-11-05,etf
159943.XSHE,深证成指ETF,SZETF,2015-07-08,2200-01-01,etf
159944.XSHE,材料ETF,QZCL,2015-07-06,2200-01-01,etf
159945.XSHE,能源ETF基金,QZNY,2015-07-06,2200-01-01,etf
159946.XSHE,全指消费,QZXF,2015-07-13,2018-12-27,etf
159948.XSHE,创业板ETF南方,CYBEF,2016-05-31,2200-01-01,etf
159949.XSHE,创业板50ETF,CYB50,2016-07-22,2200-01-01,etf
159950.XSHE,深成指EF,SCZEF,2017-05-10,2019-07-11,etf
159951.XSHE,中关村ETF,ZGCA,2017-07-10,2200-01-01,etf
159952.XSHE,创业板ETF广发,CYETF,2017-05-19,2200-01-01,etf
159953.XSHE,工业ETF,GYETF,2017-07-14,2020-12-16,etf
159954.XSHE,H股ETF,HGETF,2018-03-15,2200-01-01,etf
159955.XSHE,创业板ETF嘉实,CYBE,2017-08-23,2200-01-01,etf
159956.XSHE,创业板ETF建信,CYBF,2018-03-07,2200-01-01,etf
159957.XSHE,创业板ETF华夏,CYBHX,2018-01-04,2200-01-01,etf
159958.XSHE,创业板ETF工银,CYBET,2018-01-19,2200-01-01,etf
159959.XSHE,央企ETF,YHYQ,2019-01-18,2200-01-01,etf
159960.XSHE,H股ETF港股通,HSGQ,2018-10-22,2200-01-01,etf
159961.XSHE,深100ETF方正富邦,S100,2018-12-19,2200-01-01,etf
159962.XSHE,四川ETF,SCGG,2019-04-18,2200-01-01,etf
159963.XSHE,恒生中国,HSZG,2019-03-26,2021-05-24,etf
159964.XSHE,平安创业板ETF,CYBPA,2019-04-19,2200-01-01,etf
159965.XSHE,央视50ETF,YS50,2019-04-24,2200-01-01,etf
159966.XSHE,创蓝筹ETF,CLC,2019-07-15,2200-01-01,etf
159967.XSHE,创成长ETF,CCZ,2019-07-15,2200-01-01,etf
159968.XSHE,中证500ETF博时,ZZ500ETF,2019-10-31,2200-01-01,etf
159969.XSHE,深100ETF银华,S100P,2019-08-28,2200-01-01,etf
159970.XSHE,深100ETF工银,S100ET,2020-01-10,2200-01-01,etf
159971.XSHE,创业板ETF富国,CYBFG,2019-07-02,2200-01-01,etf
159972.XSHE,5年地债ETF,5NDZ,2019-11-08,2200-01-01,etf
159973.XSHE,民企领先100ETF,MQ100,2019-08-09,2200-01-01,etf
159974.XSHE,央企创新ETF,YQCX,2019-12-18,2200-01-01,etf
159975.XSHE,深100ETF招商,S100SZ,2020-01-02,2200-01-01,etf
159976.XSHE,湾创ETF,WCETF,2020-01-17,2200-01-01,etf
159977.XSHE,创业板ETF天弘,CYBTH,2019-09-27,2200-01-01,etf
159978.XSHE,大湾区ETF,WQETF,2020-04-14,2200-01-01,etf
159979.XSHE,湾创100ETF,WC100,2020-02-14,2200-01-01,etf
159980.XSHE,有色ETF,YSQH,2019-12-24,2200-01-01,etf
159981.XSHE,能源化工ETF,NYHG,2020-01-17,2200-01-01,etf
159982.XSHE,中证500ETF鹏华,ZZ500,2020-02-20,2200-01-01,etf
159983.XSHE,粤港澳大湾区ETF,DWQ,2020-04-23,2200-01-01,etf
159984.XSHE,湾区100ETF,WQJJ,2020-01-17,2200-01-01,etf
159985.XSHE,豆粕ETF,DPETF,2019-12-05,2200-01-01,etf
159986.XSHE,消费100ETF,XF100,2020-01-20,2200-01-01,etf
159987.XSHE,科技创新ETF,CXETF,2019-11-18,2200-01-01,etf
159988.XSHE,粤债ETF,YZETF,2020-05-29,2200-01-01,etf
159990.XSHE,小盘价值ETF,XPJZ,2020-01-20,2200-01-01,etf
159991.XSHE,创大盘ETF,CDP,2020-04-24,2200-01-01,etf
159992.XSHE,创新药ETF,CXY,2020-04-10,2200-01-01,etf
159993.XSHE,龙头券商ETF,LTQS,2020-02-07,2200-01-01,etf
159994.XSHE,5GETF,5GETF,2020-02-28,2200-01-01,etf
159995.XSHE,芯片ETF,XPETF,2020-02-10,2200-01-01,etf
159996.XSHE,家电ETF,JDETF,2020-03-16,2200-01-01,etf
159997.XSHE,电子ETF,DZETF,2020-03-20,2200-01-01,etf
159998.XSHE,计算机ETF,JSJ,2020-04-13,2200-01-01,etf
159999.XSHE,永赢中证500ETF,YY500,2020-08-12,2200-01-01,etf
510010.XSHG,治理ETF,ZLETF,2009-12-15,2200-01-01,etf
510020.XSHG,超大ETF,CDETF,2010-03-19,2200-01-01,etf
510030.XSHG,价值ETF,JZETF,2010-05-28,2200-01-01,etf
510050.XSHG,50ETF,50ETF,2005-02-23,2200-01-01,etf
510060.XSHG,央企ETF,YQETF,2009-10-27,2200-01-01,etf
510070.XSHG,民企ETF,MQETF,2010-10-29,2020-08-12,etf
510090.XSHG,ESG建信,ZRETF,2010-08-09,2200-01-01,etf
510100.XSHG,SZ50ETF,SZ50ETF,2019-10-09,2200-01-01,etf
510110.XSHG,周期ETF,ZQETF,2010-11-15,2200-01-01,etf
510120.XSHG,非周ETF,FZETF,2011-06-08,2200-01-01,etf
510130.XSHG,中盘ETF,ZPETF,2010-06-23,2200-01-01,etf
510150.XSHG,消费ETF,XFETF,2011-02-25,2200-01-01,etf
510160.XSHG,产业升级,XKETF,2010-11-01,2200-01-01,etf
510170.XSHG,商品ETF,SPETF,2011-01-25,2200-01-01,etf
510180.XSHG,180ETF,180ETF,2006-05-18,2200-01-01,etf
510190.XSHG,龙头ETF,LTETF,2011-01-10,2200-01-01,etf
510200.XSHG,上证券商,SZQS,2020-05-08,2200-01-01,etf
510210.XSHG,综指ETF,ZZETF,2011-03-25,2200-01-01,etf
510220.XSHG,中小ETF,ZXETF,2011-03-28,2200-01-01,etf
510230.XSHG,金融ETF,JRETF,2011-05-23,2200-01-01,etf
510260.XSHG,新兴ETF,XXETF,2011-06-08,2020-01-14,etf
510270.XSHG,国企ETF,GQETF,2011-08-18,2200-01-01,etf
510280.XSHG,成长ETF,CZETF,2011-10-18,2019-09-27,etf
510290.XSHG,380ETF,380ETF,2011-11-08,2200-01-01,etf
510300.XSHG,300ETF,300ETF,2012-05-28,2200-01-01,etf
510310.XSHG,HS300ETF,HS300ETF,2013-03-25,2200-01-01,etf
510330.XSHG,华夏300,HX300,2013-01-16,2200-01-01,etf
510350.XSHG,工银300,GY300,2019-08-16,2200-01-01,etf
510360.XSHG,广发300,GF300,2015-09-09,2200-01-01,etf
510370.XSHG,兴业300,XY300,2020-10-27,2200-01-01,etf
510380.XSHG,国寿300,GS300,2018-02-07,2200-01-01,etf
510390.XSHG,平安300,PA300,2018-01-26,2200-01-01,etf
510410.XSHG,资源ETF,ZYETF,2012-05-11,2200-01-01,etf
510420.XSHG,180EWETF,180EWETF,2012-07-09,2019-11-07,etf
510430.XSHG,50等权,50DQ,2012-09-24,2020-12-17,etf
510440.XSHG,500沪市,500HS,2012-10-08,2200-01-01,etf
510450.XSHG,180高ETF,180GETF,2013-08-01,2016-08-23,etf
510500.XSHG,500ETF,500ETF,2013-03-15,2200-01-01,etf
510510.XSHG,广发500,GF500,2013-05-24,2200-01-01,etf
510520.XSHG,诺安500,NA500,2014-03-10,2019-10-30,etf
510530.XSHG,工银500,GY500,2020-01-03,2200-01-01,etf
510550.XSHG,方正500,FZ500,2019-01-16,2200-01-01,etf
510560.XSHG,国寿500,GS500,2015-07-03,2200-01-01,etf
510570.XSHG,兴业中证500ETF,XYZZ500ETF,2020-08-12,2200-01-01,etf
510580.XSHG,ZZ500ETF,ZZ500ETF,2015-09-14,2200-01-01,etf
510590.XSHG,平安500,PA500,2018-05-04,2200-01-01,etf
510600.XSHG,沪50ETF,H50ETF,2018-09-20,2200-01-01,etf
510610.XSHG,能源行业,NYHY,2013-05-08,2016-07-05,etf
510620.XSHG,材料行业,CLHY,2013-05-08,2016-08-12,etf
510630.XSHG,消费行业,XFHY,2013-05-08,2200-01-01,etf
510650.XSHG,金融行业,JRHY,2013-05-08,2200-01-01,etf
510660.XSHG,医药行业,YYHY,2013-05-08,2200-01-01,etf
510680.XSHG,万家50,WJ50,2013-12-02,2200-01-01,etf
510690.XSHG,180金融,180JR,2020-06-22,2200-01-01,etf
510700.XSHG,百强ETF,BQETF,2013-05-31,2016-05-12,etf
510710.XSHG,上50ETF,S50ETF,2015-06-15,2200-01-01,etf
510760.XSHG,上证ETF,SZETF,2020-09-09,2200-01-01,etf
510770.XSHG,G60创新,G60CX,2021-09-28,2200-01-01,etf
510800.XSHG,上证50,SZ50,2018-01-15,2200-01-01,etf
510810.XSHG,上海国企,SHGQ,2016-08-29,2200-01-01,etf
510820.XSHG,上海改革,SHGG,2019-07-09,2019-08-19,etf
510850.XSHG,工银上50,GYS50,2019-03-06,2200-01-01,etf
510860.XSHG,兴业50,XY50,2021-01-12,2200-01-01,etf
510880.XSHG,红利ETF,HLETF,2007-01-18,2200-01-01,etf
510890.XSHG,红利低波,HLDB,2019-06-24,2021-09-06,etf
510900.XSHG,H股ETF,HGETF,2012-10-22,2200-01-01,etf
510990.XSHG,ESG180,ESG180,2021-07-01,2200-01-01,etf
511000.XSHG,长三角债,CSJZ,2020-10-29,2021-04-16,etf
511010.XSHG,国债ETF,GZETF,2013-03-25,2200-01-01,etf
511020.XSHG,活跃国债,HYGZ,2019-02-22,2200-01-01,etf
511030.XSHG,公司债,GSZ,2019-03-22,2200-01-01,etf
511050.XSHG,兴业地债,DFZETF,2020-07-30,2021-08-30,etf
511060.XSHG,5年地债,5NDZ,2019-12-12,2200-01-01,etf
511180.XSHG,上证转债,SZZZ,2020-08-26,2200-01-01,etf
511210.XSHG,企债ETF,QZETF,2013-08-16,2018-01-25,etf
511220.XSHG,城投ETF,CTETF,2014-12-16,2200-01-01,etf
511230.XSHG,周期债,ZQZ,2017-04-21,2021-03-26,etf
511260.XSHG,十年国债,SNGZ,2017-08-24,2200-01-01,etf
511270.XSHG,10年地债,10NDZ,2018-11-22,2200-01-01,etf
511280.XSHG,中期信用,ZQXY,2018-05-31,2021-10-21,etf
511290.XSHG,国债十年,GZSN,2018-04-27,2020-10-29,etf
511310.XSHG,十年债,SNZ,2018-04-26,2200-01-01,etf
511360.XSHG,中证短融ETF,ZZDRETF,2020-09-25,2200-01-01,etf
511380.XSHG,转债ETF,ZZETF,2020-04-07,2200-01-01,etf
512000.XSHG,券商ETF,QSETF,2016-09-14,2200-01-01,etf
512010.XSHG,医药ETF,YYETF,2013-10-28,2200-01-01,etf
512040.XSHG,国信价值,GXJZ,2018-11-29,2200-01-01,etf
512070.XSHG,证券保险,FYETF,2014-07-18,2200-01-01,etf
512090.XSHG,MSCI易基,MSCIYJ,2018-06-01,2200-01-01,etf
512100.XSHG,1000ETF,1000ETF,2016-11-04,2200-01-01,etf
512110.XSHG,中证地产,ZZDC,2014-01-06,2017-01-12,etf
512120.XSHG,医药50,ZZYY,2014-01-06,2200-01-01,etf
512150.XSHG,A50ETF,A50ETF,2019-01-21,2200-01-01,etf
512160.XSHG,MSCI基金,MSCIJJ,2018-04-27,2200-01-01,etf
512170.XSHG,医疗ETF,YLETF,2019-06-17,2200-01-01,etf
512180.XSHG,建信MSCI,JXMSCI,2018-05-21,2200-01-01,etf
512190.XSHG,之江凤凰,ZJFH,2019-09-09,2200-01-01,etf
512200.XSHG,地产ETF,FDC,2017-09-25,2200-01-01,etf
512210.XSHG,景顺食品,JSSP,2014-08-19,2018-08-30,etf
512220.XSHG,科技150,JSTMT,2014-08-19,2200-01-01,etf
512230.XSHG,景顺医药,JSYY,2014-08-19,2019-01-22,etf
512260.XSHG,500低波,500DB,2019-01-11,2200-01-01,etf
512270.XSHG,300低波,300DB,2019-03-29,2021-09-22,etf
512280.XSHG,景顺MSCI,JSMSCI,2018-05-25,2200-01-01,etf
512290.XSHG,生物医药,SWYY,2019-05-20,2200-01-01,etf
512300.XSHG,500医药,500YY,2014-12-18,2021-03-11,etf
512310.XSHG,工业ETF,500GY,2015-05-08,2021-04-15,etf
512320.XSHG,工银MSCI,GYMSCI,2020-08-07,2200-01-01,etf
512330.XSHG,信息ETF,500XX,2015-07-20,2200-01-01,etf
512340.XSHG,原料ETF,500YL,2015-05-15,2021-04-15,etf
512350.XSHG,福建ETF,FJETF,2020-09-10,2200-01-01,etf
512360.XSHG,MSCI国际,MSCIGJ,2018-07-20,2200-01-01,etf
512380.XSHG,MSCI中国,YHMSCI,2019-04-30,2200-01-01,etf
512390.XSHG,MSCI低波,MSCIDB,2018-07-13,2200-01-01,etf
512400.XSHG,有色ETF,YSJS,2017-09-01,2200-01-01,etf
512480.XSHG,半导体,BDT,2019-06-12,2200-01-01,etf
512500.XSHG,中证500,ZZ500,2015-05-29,2200-01-01,etf
512510.XSHG,ETF500,ETF500,2015-06-12,2200-01-01,etf
512520.XSHG,MSCIETF,MSCIETF,2018-05-18,2200-01-01,etf
512530.XSHG,300红利,300HL,2019-09-23,2200-01-01,etf
512550.XSHG,A50基金,FSA50,2017-08-07,2200-01-01,etf
512560.XSHG,中证军工,ZZJG,2017-07-28,2200-01-01,etf
512570.XSHG,中证证券,ZZZQ,2017-08-11,2200-01-01,etf
512580.XSHG,碳中和,HBETF,2017-02-28,2200-01-01,etf
512590.XSHG,高股息,GGX,2019-03-08,2200-01-01,etf
512600.XSHG,必选消费,ZYXF,2014-07-25,2200-01-01,etf
512610.XSHG,医药卫生,YYWS,2014-07-25,2200-01-01,etf
512640.XSHG,金融地产,JRDC,2014-07-25,2200-01-01,etf
512650.XSHG,长三角,CSJ,2019-10-25,2200-01-01,etf
512660.XSHG,军工ETF,JGETF,2016-08-08,2200-01-01,etf
512670.XSHG,国防ETF,GFETF,2019-08-01,2200-01-01,etf
512680.XSHG,军工基金,JGJJ,2016-10-14,2200-01-01,etf
512690.XSHG,酒ETF,JETF,2019-05-06,2200-01-01,etf
512700.XSHG,银行基金,YHJJ,2017-07-26,2200-01-01,etf
512710.XSHG,军工龙头,JGLT,2019-08-26,2200-01-01,etf
512720.XSHG,计算机,JSJ,2019-08-16,2200-01-01,etf
512730.XSHG,银行FUND,YHFUND,2020-02-07,2200-01-01,etf
512750.XSHG,基本面50,JBM50,2019-07-05,2200-01-01,etf
512760.XSHG,芯片ETF,BDT50,2019-06-12,2200-01-01,etf
512770.XSHG,战略新兴,ZLXX,2018-08-16,2200-01-01,etf
512780.XSHG,京津冀基,JJJJ,2018-05-24,2200-01-01,etf
512790.XSHG,民企成长,MQCZ,2019-09-06,2020-07-30,etf
512800.XSHG,银行ETF,YHETF,2017-08-03,2200-01-01,etf
512810.XSHG,国防军工,JGXY,2016-08-22,2200-01-01,etf
512820.XSHG,银行股基,YHGJ,2018-11-23,2200-01-01,etf
512850.XSHG,北京50,BJ50,2018-11-09,2021-02-18,etf
512860.XSHG,MSCI中国,MSCIZG,2018-10-26,2021-04-29,etf
512870.XSHG,杭州湾区,HZWQ,2019-02-22,2200-01-01,etf
512880.XSHG,证券ETF,ZQETF,2016-08-08,2200-01-01,etf
512890.XSHG,红利LV,HLLV,2019-01-18,2200-01-01,etf
512900.XSHG,证券基金,ZQJJ,2017-03-31,2200-01-01,etf
512910.XSHG,100ETF,100ETF,2019-07-01,2200-01-01,etf
512920.XSHG,MSCI新华,MSCIXH,2018-12-07,2200-01-01,etf
512930.XSHG,AIETF,AIETF,2019-08-23,2200-01-01,etf
512950.XSHG,央企改革,YQGG,2019-01-18,2200-01-01,etf
512960.XSHG,央调ETF,YTETF,2019-01-18,2200-01-01,etf
512970.XSHG,湾区ETF,WQETF,2019-11-11,2200-01-01,etf
512980.XSHG,传媒ETF,CMETF,2018-01-19,2200-01-01,etf
512990.XSHG,MSCIA股,MSCIAG,2015-03-25,2200-01-01,etf
513000.XSHG,225ETF,225ETF,2019-06-25,2200-01-01,etf
513010.XSHG,港股科技,GGKJ,2021-05-25,2200-01-01,etf
513020.XSHG,科技HK,KJHK,2022-02-08,2200-01-01,etf
513030.XSHG,德国ETF,DG30,2014-09-05,2200-01-01,etf
513050.XSHG,中概互联,ZGHL,2017-01-18,2200-01-01,etf
513060.XSHG,恒生医疗,HSYL,2021-03-29,2200-01-01,etf
513080.XSHG,法国ETF,FGCAC40ETF,2020-06-12,2200-01-01,etf
513090.XSHG,香港证券,XGZQ,2020-03-26,2200-01-01,etf
513100.XSHG,纳指ETF,NZETF,2013-05-15,2200-01-01,etf
513130.XSHG,恒生科技,HSKJ,2021-06-01,2200-01-01,etf
513150.XSHG,港科技50,GKJ50,2022-02-11,2200-01-01,etf
513160.XSHG,科技30,KJ30,2022-02-09,2200-01-01,etf
513180.XSHG,恒指科技,HZKJ,2021-05-25,2200-01-01,etf
513200.XSHG,港股医药,GGYY,2022-02-11,2200-01-01,etf
513230.XSHG,H股消费,HGXF,2022-01-24,2200-01-01,etf
513300.XSHG,纳斯达克ETF,NSDKETF,2020-11-05,2200-01-01,etf
513330.XSHG,恒生互联,HSHL,2021-02-08,2200-01-01,etf
513360.XSHG,教育ETF,JYETF,2021-06-17,2200-01-01,etf
513500.XSHG,标普500,BP500,2014-01-15,2200-01-01,etf
513520.XSHG,日经ETF,RJETF,2019-06-25,2200-01-01,etf
513550.XSHG,港股通50,GGT50,2021-01-13,2200-01-01,etf
513580.XSHG,HS科技,HSKJ,2021-05-27,2200-01-01,etf
513590.XSHG,香港消费,XGXF,2021-08-19,2200-01-01,etf
513600.XSHG,恒指ETF,HZETF,2015-01-26,2200-01-01,etf
513660.XSHG,恒生通,HST,2015-01-26,2200-01-01,etf
513680.XSHG,建信H股,JXHG,2019-01-21,2200-01-01,etf
513690.XSHG,恒生股息,HSGX,2021-05-20,2200-01-01,etf
513700.XSHG,香港医药,XGYY,2021-08-06,2200-01-01,etf
513800.XSHG,东证ETF,DZETF,2019-06-25,2200-01-01,etf
513860.XSHG,HKC科技,HKCKJ,2021-07-02,2200-01-01,etf
513880.XSHG,日经225,RJ225,2019-06-25,2200-01-01,etf
513890.XSHG,HK科技,HKKJ,2022-01-21,2200-01-01,etf
513900.XSHG,港股100,GG100,2018-05-25,2200-01-01,etf
513980.XSHG,科技港股,KJGG,2021-07-02,2200-01-01,etf
513990.XSHG,港股通综,GGTZ,2020-08-18,2200-01-01,etf
515000.XSHG,科技ETF,KJETF,2019-08-16,2200-01-01,etf
515010.XSHG,华夏证券,HXZQ,2019-11-07,2200-01-01,etf
515020.XSHG,华夏银基,HXYJ,2019-12-03,2200-01-01,etf
515030.XSHG,新汽车,XQC,2020-03-04,2200-01-01,etf
515050.XSHG,5GETF,5GETF,2019-10-16,2200-01-01,etf
515060.XSHG,华夏地产,HXDC,2020-01-03,2200-01-01,etf
515070.XSHG,AI智能,AIZN,2019-12-24,2200-01-01,etf
515080.XSHG,中证红利,ZZHL,2019-12-27,2200-01-01,etf
515090.XSHG,可持续,KCX,2020-02-20,2200-01-01,etf
515100.XSHG,低波红利ETF,DBHLETF,2020-07-03,2200-01-01,etf
515110.XSHG,国企方达,GQFD,2020-01-15,2200-01-01,etf
515120.XSHG,创新药,CXY,2021-01-04,2200-01-01,etf
515130.XSHG,HS300E,HS300E,2020-05-11,2200-01-01,etf
515150.XSHG,国企富国,GQFG,2020-01-15,2200-01-01,etf
515160.XSHG,MSCICHNA,MSCICHNA,2020-03-02,2200-01-01,etf
515170.XSHG,食品饮料,SPYLETF,2021-01-13,2200-01-01,etf
515180.XSHG,100红利,100HL,2019-12-20,2200-01-01,etf
515190.XSHG,BOCI500,BOCI500,2020-05-27,2200-01-01,etf
515200.XSHG,创新100,CX100,2019-11-15,2200-01-01,etf
515210.XSHG,钢铁ETF,GTETF,2020-03-02,2200-01-01,etf
515220.XSHG,煤炭ETF,MTETF,2020-03-02,2200-01-01,etf
515230.XSHG,软件ETF,RJETF,2021-03-02,2200-01-01,etf
515250.XSHG,智能汽车,ZNQC,2021-01-08,2200-01-01,etf
515260.XSHG,电子ETF,DZETF,2020-07-31,2200-01-01,etf
515280.XSHG,银行龙头,YHHY,2020-04-17,2200-01-01,etf
515290.XSHG,银行,YHTH,2020-12-28,2200-01-01,etf
515300.XSHG,红利300,HL300,2019-09-19,2200-01-01,etf
515310.XSHG,添富300,TF300,2019-12-25,2200-01-01,etf
515320.XSHG,电子50,DZ50,2021-01-08,2200-01-01,etf
515330.XSHG,天弘300,TH300,2019-12-26,2200-01-01,etf
515350.XSHG,民生300,MS300,2020-02-07,2200-01-01,etf
515360.XSHG,方正300,FZ300,2019-11-01,2200-01-01,etf
515380.XSHG,泰康300,TK300,2020-03-23,2200-01-01,etf
515390.XSHG,HS300,HS300,2020-01-10,2200-01-01,etf
515400.XSHG,大数据,DSJ,2021-01-20,2200-01-01,etf
515450.XSHG,红利50,HL50,2020-02-26,2200-01-01,etf
515500.XSHG,长三角LX,CSJLX,2020-09-18,2200-01-01,etf
515510.XSHG,500成长,500CZ,2020-05-06,2200-01-01,etf
515520.XSHG,价值100,JZ100,2019-11-18,2200-01-01,etf
515530.XSHG,泰康500,TK500,2020-11-09,2200-01-01,etf
515550.XSHG,中融500,ZR500,2019-12-25,2200-01-01,etf
515560.XSHG,证券E,ZQE,2020-07-20,2200-01-01,etf
515570.XSHG,山证红利,SZHL,2020-04-09,2200-01-01,etf
515580.XSHG,中证科技,ZZKJ,2019-10-28,2200-01-01,etf
515590.XSHG,500ETFEW,500ETFEW,2020-01-20,2200-01-01,etf
515600.XSHG,央企创新,YQCX,2019-12-18,2200-01-01,etf
515610.XSHG,中银800,ZY800,2020-08-18,2200-01-01,etf
515620.XSHG,ZZ800,ZZ800,2020-05-25,2021-06-07,etf
515630.XSHG,证保ETF,ZBETF,2020-04-03,2200-01-01,etf
515650.XSHG,消费50,XF50,2019-11-11,2200-01-01,etf
515660.XSHG,沪深300E,HS300E,2019-12-24,2200-01-01,etf
515670.XSHG,中银100,ZY100,2020-05-20,2200-01-01,etf
515680.XSHG,创新央企,CXYQ,2019-12-18,2200-01-01,etf
515690.XSHG,股息ETF,GXLT,2020-05-13,2200-01-01,etf
515700.XSHG,新能车,XNC,2020-02-10,2200-01-01,etf
515710.XSHG,食品ETF,SPETF,2021-01-07,2200-01-01,etf
515750.XSHG,科技50,KJ50,2019-12-06,2200-01-01,etf
515760.XSHG,浙江国资,ZJGZ,2020-10-12,2200-01-01,etf
515770.XSHG,MSCIAETF,MSCIAETF,2020-06-19,2200-01-01,etf
515780.XSHG,浦银MSCI,PYMSCI,2020-05-29,2200-01-01,etf
515790.XSHG,光伏ETF,GFETF,2020-12-18,2200-01-01,etf
515800.XSHG,800ETF,800ETF,2019-12-16,2200-01-01,etf
515810.XSHG,ZZ800ETF,ZZ800ETF,2019-10-25,2200-01-01,etf
515820.XSHG,沪深800,800ETFJJ,2020-05-29,2200-01-01,etf
515830.XSHG,工银中证800ETF,GYZZ800ETF,2020-07-17,2200-01-01,etf
515850.XSHG,证券龙头,ZQFG,2020-02-21,2200-01-01,etf
515860.XSHG,科技100,KJ100,2019-10-22,2200-01-01,etf
515870.XSHG,制造100,ZZ100,2020-01-17,2200-01-01,etf
515880.XSHG,通信ETF,TXETF,2019-09-06,2200-01-01,etf
515890.XSHG,红利博时,BSHL,2020-04-20,2200-01-01,etf
515900.XSHG,央创ETF,YCETF,2019-12-18,2200-01-01,etf
515910.XSHG,质量ETF,ZLETF,2021-02-26,2200-01-01,etf
515920.XSHG,智能消费,ZNXF,2021-01-20,2200-01-01,etf
515930.XSHG,永赢300,YY300,2020-05-08,2200-01-01,etf
515950.XSHG,医药龙头,YY50FG,2020-04-01,2200-01-01,etf
515960.XSHG,医药100,YY100,2020-06-10,2200-01-01,etf
515980.XSHG,人工智能,RGZN,2020-02-10,2200-01-01,etf
515990.XSHG,添富国企,TFGQ,2020-01-15,2200-01-01,etf
516000.XSHG,大数据50,DSJ50,2021-03-01,2200-01-01,etf
516010.XSHG,游戏ETF,YXETF,2021-03-05,2200-01-01,etf
516020.XSHG,化工ETF,HGETF,2021-03-08,2200-01-01,etf
516050.XSHG,科技龙头,KJLT,2021-02-05,2200-01-01,etf
516060.XSHG,新药ETF,XYETF,2021-03-01,2200-01-01,etf
516070.XSHG,碳中和50,DTETF,2021-04-23,2200-01-01,etf
516080.XSHG,创新医药,CXYY,2021-02-23,2200-01-01,etf
516090.XSHG,新能源E,XNYE,2021-03-19,2200-01-01,etf
516100.XSHG,科技金融,KJJR,2021-07-23,2200-01-01,etf
516110.XSHG,汽车ETF,QCETF,2021-05-07,2200-01-01,etf
516120.XSHG,化工50,HG50,2021-03-09,2200-01-01,etf
516130.XSHG,消费龙头,XFLT,2021-10-13,2200-01-01,etf
516150.XSHG,稀土基金,XTCY,2021-03-17,2200-01-01,etf
516160.XSHG,新能源,XNY,2021-02-04,2200-01-01,etf
516180.XSHG,光伏产业,GFCY,2021-03-03,2200-01-01,etf
516190.XSHG,文娱ETF,WYETF,2021-09-17,2200-01-01,etf
516200.XSHG,证券行业,ZQHY,2021-03-22,2200-01-01,etf
516210.XSHG,银行股,YHG,2021-09-24,2200-01-01,etf
516220.XSHG,化工龙头,HGLT,2021-03-10,2200-01-01,etf
516260.XSHG,物联网50,WLW50,2021-08-02,2200-01-01,etf
516270.XSHG,新能源50,XNY50,2021-07-23,2200-01-01,etf
516290.XSHG,光伏基金,GFJJ,2021-08-23,2200-01-01,etf
516300.XSHG,中证1000,ZZ1000,2021-03-24,2200-01-01,etf
516310.XSHG,银行指基,YHZJ,2021-05-28,2200-01-01,etf
516320.XSHG,装备ETF,ZBETF,2021-06-08,2200-01-01,etf
516330.XSHG,物联网,WLW,2021-04-09,2200-01-01,etf
516350.XSHG,芯片50,XP50,2021-12-23,2200-01-01,etf
516360.XSHG,新材料ETF,XCLETF,2021-05-13,2200-01-01,etf
516380.XSHG,智能电车,ZNDC,2021-06-18,2200-01-01,etf
516390.XSHG,电动车,DDC,2021-06-18,2200-01-01,etf
516400.XSHG,ESG龙头,ESGLT,2021-07-01,2022-01-25,etf
516480.XSHG,新材料基,XCLJ,2021-06-11,2200-01-01,etf
516500.XSHG,生物ETF,SWETF,2021-03-17,2200-01-01,etf
516510.XSHG,云计算,YJS,2021-04-07,2200-01-01,etf
516520.XSHG,智能驾驶,AIZNC,2021-03-01,2200-01-01,etf
516530.XSHG,物流快递,WLKD,2022-01-17,2200-01-01,etf
516550.XSHG,农业ETF,NYETF,2021-04-08,2200-01-01,etf
516560.XSHG,养老ETF,YLETF,2021-09-16,2200-01-01,etf
516570.XSHG,石化ETF,SHETF,2021-06-18,2200-01-01,etf
516580.XSHG,新能源BS,XNYBS,2021-07-26,2200-01-01,etf
516590.XSHG,电动汽车,DDQC,2021-05-12,2200-01-01,etf
516600.XSHG,消服ETF,XFETF,2021-02-26,2200-01-01,etf
516610.XSHG,医服ETF,YFETF,2021-05-13,2200-01-01,etf
516620.XSHG,影视ETF,YSETF,2021-11-05,2200-01-01,etf
516630.XSHG,云计算50,YJS50,2021-09-03,2200-01-01,etf
516640.XSHG,芯片龙头,XPLT,2021-08-27,2200-01-01,etf
516650.XSHG,有色50,YS50,2021-06-21,2200-01-01,etf
516660.XSHG,新能汽车,XNQC,2021-02-26,2200-01-01,etf
516670.XSHG,畜牧养殖,XMYZ,2021-03-26,2200-01-01,etf
516680.XSHG,有色金属,YSJS,2021-03-08,2200-01-01,etf
516690.XSHG,化工产业,HGCY,2021-12-21,2200-01-01,etf
516700.XSHG,数据产业,SJCY,2021-05-19,2200-01-01,etf
516710.XSHG,新材料50,XCL50,2021-08-17,2200-01-01,etf
516720.XSHG,ESGETF,ESGETF,2021-08-13,2200-01-01,etf
516730.XSHG,证券公司,ZQGS,2021-11-12,2200-01-01,etf
516750.XSHG,建材ETF,JCETF,2021-11-05,2200-01-01,etf
516760.XSHG,养殖ETF,YZETF,2021-03-12,2200-01-01,etf
516770.XSHG,游戏动漫,YXDM,2021-03-05,2200-01-01,etf
516780.XSHG,稀土ETF,XTETF,2021-03-08,2200-01-01,etf
516790.XSHG,保健ETF,BJETF,2021-08-23,2200-01-01,etf
516800.XSHG,智能制造ETF,ZNZZETF,2021-02-19,2200-01-01,etf
516810.XSHG,农业,NY,2022-01-11,2200-01-01,etf
516820.XSHG,医疗创新,YLCX,2021-07-01,2200-01-01,etf
516830.XSHG,300ESG,300ESG,2021-07-05,2200-01-01,etf
516850.XSHG,新能源80,XNY80,2021-03-19,2200-01-01,etf
516860.XSHG,金融科技,JRKJ,2021-10-11,2200-01-01,etf
516870.XSHG,汽车,QC,2021-07-09,2022-01-25,etf
516880.XSHG,光伏50,GF50,2021-01-18,2200-01-01,etf
516890.XSHG,新材ETF,XCETF,2021-07-28,2200-01-01,etf
516900.XSHG,食品50,SP50,2021-04-28,2200-01-01,etf
516910.XSHG,物流ETF,WLETF,2021-06-11,2200-01-01,etf
516920.XSHG,芯片基金,XPJJ,2021-08-16,2200-01-01,etf
516930.XSHG,生科ETF,SKETF,2021-08-18,2200-01-01,etf
516950.XSHG,基建ETF,JJETF,2021-05-14,2200-01-01,etf
516960.XSHG,机械ETF,JXETF,2021-05-07,2200-01-01,etf
516970.XSHG,基建50,JJ50,2021-07-05,2200-01-01,etf
516980.XSHG,证券先锋,ZQXF,2021-06-24,2200-01-01,etf
517000.XSHG,沪港深,HGS,2021-03-05,2200-01-01,etf
517010.XSHG,HGS500E,HGS500E,2021-08-12,2200-01-01,etf
517030.XSHG,HGS300,HGS300,2021-09-27,2200-01-01,etf
517050.XSHG,互联网50,HLW50,2021-02-08,2200-01-01,etf
517060.XSHG,沪港深ET,HGSET,2021-03-26,2200-01-01,etf
517080.XSHG,HGS500,HGS500,2021-02-22,2200-01-01,etf
517090.XSHG,共赢ETF,GYETF,2021-12-28,2200-01-01,etf
517100.XSHG,AH500ETF,AH500ETF,2021-03-02,2200-01-01,etf
517110.XSHG,创新药HK,CXYHK,2021-09-30,2200-01-01,etf
517120.XSHG,创新药50,CXY50,2021-07-19,2200-01-01,etf
517160.XSHG,长江保护主题ETF,CJBHZTETF,2022-01-05,2200-01-01,etf
517170.XSHG,沪港深E,HGSE,2021-04-20,2200-01-01,etf
517180.XSHG,开放共赢ETF,KFGYETF,2021-12-28,2200-01-01,etf
517200.XSHG,互联网,HLW,2021-02-08,2200-01-01,etf
517270.XSHG,科技TOP,KJTOP,2022-01-12,2200-01-01,etf
517280.XSHG,网购ETF,WGETF,2021-12-03,2200-01-01,etf
517300.XSHG,AH300ETF,AH300ETF,2021-02-24,2200-01-01,etf
517330.XSHG,长江保护,CJBH,2022-01-05,2200-01-01,etf
517350.XSHG,中概科技,ZGKJ,2021-06-03,2200-01-01,etf
517360.XSHG,AH科技,AHKJ,2021-07-05,2200-01-01,etf
517380.XSHG,创新药AH,CXYAH,2021-08-09,2200-01-01,etf
517390.XSHG,云计算AH,YJSAH,2021-12-23,2200-01-01,etf
517550.XSHG,消费主题,XFZT,2022-02-08,2200-01-01,etf
517660.XSHG,物联网AH,WLWAH,2021-10-25,2200-01-01,etf
517770.XSHG,游戏传媒,YXCM,2021-12-03,2200-01-01,etf
517800.XSHG,AI50,AI50,2021-08-26,2200-01-01,etf
517880.XSHG,品牌消费,PPXF,2021-12-01,2200-01-01,etf
517960.XSHG,科技AH,KJAH,2021-12-23,2200-01-01,etf
518600.XSHG,上海金,SHJ,2020-08-05,2200-01-01,etf
518660.XSHG,工银黄金,GYHJ,2020-05-29,2200-01-01,etf
518680.XSHG,金ETF,SHJAU,2020-07-28,2200-01-01,etf
518800.XSHG,黄金基金,GTHJ,2013-07-29,2200-01-01,etf
518850.XSHG,黄金9999,HJ9999,2020-06-05,2200-01-01,etf
518860.XSHG,上海金E,SHJE,2020-09-07,2200-01-01,etf
518880.XSHG,黄金ETF,HJETF,2013-07-29,2200-01-01,etf
518890.XSHG,中银黄金,ZYHJ,2020-09-28,2200-01-01,etf
560000.XSHG,智慧电车,ZHDC,2021-09-30,2200-01-01,etf
560050.XSHG,MSCIA50,MSCIA50,2021-11-08,2200-01-01,etf
560500.XSHG,500质量,500ETFJ,2021-09-01,2200-01-01,etf
560560.XSHG,碳中和TK,TZHTK,2021-09-13,2200-01-01,etf
560660.XSHG,云50ETF,Y50ETF,2021-08-25,2200-01-01,etf
560800.XSHG,数字ETF,SZETF,2022-01-07,2200-01-01,etf
561100.XSHG,电子龙头,DZLT,2022-02-08,2200-01-01,etf
561130.XSHG,国货ETF,GHETF,2021-10-18,2200-01-01,etf
561300.XSHG,300增ETF,300ZETF,2021-12-10,2200-01-01,etf
561310.XSHG,消电ETF,XDETF,2021-11-25,2200-01-01,etf
561350.XSHG,国泰500,GT500,2021-09-01,2200-01-01,etf
561500.XSHG,漂亮50,PL50,2021-06-28,2200-01-01,etf
561550.XSHG,500指增,500ZZ,2021-12-10,2200-01-01,etf
561600.XSHG,消费电子,XFDZ,2021-09-09,2200-01-01,etf
561800.XSHG,稀金属,XJS,2021-08-24,2200-01-01,etf
561900.XSHG,沪深ESG,HSESG,2021-07-15,2200-01-01,etf
561910.XSHG,电池ETF,DCETF,2021-08-12,2200-01-01,etf
561990.XSHG,300增强,300ZQ,2021-12-10,2200-01-01,etf
562300.XSHG,低碳ETF,DTETF,2022-01-05,2200-01-01,etf
562360.XSHG,机器人50,JQR50,2021-10-15,2200-01-01,etf
562500.XSHG,机器人,JQR,2021-12-29,2200-01-01,etf
562510.XSHG,旅游ETF,LYETF,2021-12-30,2200-01-01,etf
562800.XSHG,稀有金属,XYJS,2021-09-27,2200-01-01,etf
562880.XSHG,电池基金,DCLT,2021-07-20,2200-01-01,etf
562900.XSHG,现代农业,XDNY,2021-12-13,2200-01-01,etf
562910.XSHG,高端制造,GDZZ,2022-01-10,2200-01-01,etf
562950.XSHG,消电50,XD50,2022-01-20,2200-01-01,etf
563000.XSHG,中国A50,ZGA50,2021-11-08,2200-01-01,etf
588000.XSHG,科创50,KC50,2020-11-16,2200-01-01,etf
588050.XSHG,科创ETF,KCETF,2020-11-16,2200-01-01,etf
588060.XSHG,上证科创,SZKC,2021-07-29,2200-01-01,etf
588080.XSHG,科创板50,KCB50,2020-11-16,2200-01-01,etf
588090.XSHG,科创板,KCB,2020-11-16,2200-01-01,etf
588150.XSHG,科创龙头ETF,KCLTETF,2021-12-20,2200-01-01,etf
588180.XSHG,科创50基,KC50J,2021-07-01,2200-01-01,etf
588280.XSHG,科创五零,KCWL,2021-10-29,2200-01-01,etf
588300.XSHG,双创ETF,SCETF,2021-07-05,2200-01-01,etf
588310.XSHG,双创基金,SCJJ,2021-12-02,2200-01-01,etf
588330.XSHG,双创龙头,SCLT,2021-07-06,2200-01-01,etf
588360.XSHG,创创ETF,CCETF,2021-07-06,2200-01-01,etf
588380.XSHG,创50ETF,C50ETF,2021-07-06,2200-01-01,etf
588390.XSHG,科创创业,KCCY,2021-08-30,2200-01-01,etf
588400.XSHG,双创50,SC50,2021-07-05,2200-01-01,etf
